

create table customer
(
    id                 int          not null
        primary key,
    fname              varchar(255) null,
    lname              varchar(255) null,
    address            varchar(255) null,
    city               varchar(255) null,
    state              varchar(255) null,
    zip                varchar(255) null,
    phone              varchar(255) null,
    company_name       varchar(255) null,
    type               varchar(1)   null,
    discount           int          null,
    max_quantity_order int          null
);

create table department
(
    dept_id      int          not null
        primary key,
    dept_name    varchar(255) null,
    dept_head_id int          null
);

create index dept_head_id
    on department (dept_head_id);

create table employee
(
    emp_id           int           not null
        primary key,
    manager_id       int           null,
    emp_fname        varchar(255)  null,
    emp_lname        varchar(255)  null,
    dept_id          int           null,
    street           varchar(255)  null,
    city             varchar(255)  null,
    state            varchar(255)  null,
    zip_code         varchar(255)  null,
    phone            varchar(255)  null,
    status           varchar(255)  null,
    ss_number        varchar(255)  null,
    salary           double(15, 5) null,
    start_date       datetime      null,
    termination_date varchar(255)  null,
    birth_date       datetime      null,
    bene_health_ins  varchar(255)  null,
    bene_life_ins    varchar(255)  null,
    bene_day_care    varchar(255)  null,
    sex              varchar(255)  null,
    constraint empl_dept_fk
        foreign key (dept_id) references department (dept_id)
);

create index DepartmentEmployee
    on employee (dept_id);

create index dept_id
    on employee (dept_id);

create index manager_id
    on employee (manager_id);

create index zip_code
    on employee (zip_code);

create table fin_code
(
    code        varchar(255) not null
        primary key,
    type        varchar(255) null,
    description varchar(255) null
);

create table product
(
    id           int           not null
        primary key,
    name         varchar(255)  null,
    description  varchar(255)  null,
    prod_size    varchar(255)  null,
    color        varchar(255)  null,
    quantity     int           null,
    unit_price   double(15, 5) null,
    picture_name varchar(255)  null,
    category     varchar(1)    null
);

create table sales_order
(
    id          int          not null
        primary key,
    cust_id     int          null,
    order_date  datetime     null,
    fin_code_id varchar(255) null,
    region      varchar(255) null,
    sales_rep   int          null,
    constraint saor_cust_fk
        foreign key (cust_id) references customer (id),
    constraint saor_empl_fk
        foreign key (sales_rep) references employee (emp_id),
    constraint saor_fico_fk
        foreign key (fin_code_id) references fin_code (code)
);

create index CustomerSales_order
    on sales_order (cust_id);

create index EmployeeSales_order
    on sales_order (sales_rep);

create index Fin_codeSales_order
    on sales_order (fin_code_id);

create index cust_id
    on sales_order (cust_id);

create index fin_code_id
    on sales_order (fin_code_id);

create table sales_order_item
(
    id        int      not null,
    line_id   int      not null,
    prod_id   int      null,
    quantity  int      null,
    ship_date datetime null,
    primary key (id, line_id),
    constraint sait_prod_fk
        foreign key (prod_id) references product (id),
    constraint sait_saor_fk
        foreign key (id) references sales_order (id)
);

create index ProductSales_order_item
    on sales_order_item (prod_id);

create index Sales_orderSales_order_item
    on sales_order_item (id);

create index Sales_order_itemid
    on sales_order_item (id);

create index line_id
    on sales_order_item (line_id);

create index prod_id
    on sales_order_item (prod_id);
	
	
	
	INSERT INTO customer (id, fname, lname, address, city, state, zip, phone, company_name, type, discount, max_quantity_order) VALUES (101, 'Michaels', 'Devlin', '3114 Pioneer Avenue', 'Rutherford', 'NJ', '07070', '2015558966', 'The Power Group', 'B', 10, null);
	INSERT INTO customer (id, fname, lname, address, city, state, zip, phone, company_name, type, discount, max_quantity_order) VALUES (102, 'Beth', 'Reiser', '1033 Whippany Road', 'New York', 'NY', '10154', '2125558725', 'AMF Corp.', 'B', 5, null);
	INSERT INTO customer (id, fname, lname, address, city, state, zip, phone, company_name, type, discount, max_quantity_order) VALUES (103, 'Erin', 'Niedringhaus', '1990 Windsor Street', 'Paoli', 'PA', '19301', '2155556513', 'Darling Associates', 'B', 10, null);
	INSERT INTO customer (id, fname, lname, address, city, state, zip, phone, company_name, type, discount, max_quantity_order) VALUES (104, 'Meghan', 'Mason', '550 Dundas Street East', 'Knoxville', 'TN', '37919', '6155555463', 'P.S.C.', 'B', 10, null);
	INSERT INTO customer (id, fname, lname, address, city, state, zip, phone, company_name, type, discount, max_quantity_order) VALUES (105, 'Laura', 'McCarthy', '1210 Highway 36', 'Carmel', 'IN', '46032', '3175558437', 'Amo & Sons', 'S', null, 75);
	INSERT INTO customer (id, fname, lname, address, city, state, zip, phone, company_name, type, discount, max_quantity_order) VALUES (106, 'Paul', 'Phillips', '2000 Cherry Creek N. Dr.', 'Middletown', 'CT', '64579', '2035553464', 'Ralston Inc.', 'S', null, 60);
	INSERT INTO customer (id, fname, lname, address, city, state, zip, phone, company_name, type, discount, max_quantity_order) VALUES (107, 'Kelly', 'Colburn', '18131 Vallco Parkway', 'Raleigh', 'NC', '27695-7209', '9195555152', 'The Home Club', 'B', 5, null);
	INSERT INTO customer (id, fname, lname, address, city, state, zip, phone, company_name, type, discount, max_quantity_order) VALUES (108, 'Matthew', 'Goforth', '11801 Wayzata Blvd.', 'Chattanooga', 'TN', '37421', '6155558926', 'Raleigh Co.', 'S', null, 60);
	INSERT INTO customer (id, fname, lname, address, city, state, zip, phone, company_name, type, discount, max_quantity_order) VALUES (109, 'Jessie', 'Gagliardo', '2800 Park Avenue', 'Hull', 'PQ', 'K1A 0H3', '8195559539', 'Newton Ent.', 'S', null, 120);
	INSERT INTO customer (id, fname, lname, address, city, state, zip, phone, company_name, type, discount, max_quantity_order) VALUES (110, 'Michael', 'Agliori', '13705 North Glebe Road', 'Columbus', 'OH', '43216', '6145552496', 'The Pep Squad', 'B', 10, null);
	INSERT INTO customer (id, fname, lname, address, city, state, zip, phone, company_name, type, discount, max_quantity_order) VALUES (111, 'Dylan', 'Ricci', '14700 Prosperity Avenue', 'Syracuse', 'NY', '13202', '3155554486', 'Dynamics Inc.', 'B', 5, null);
	INSERT INTO customer (id, fname, lname, address, city, state, zip, phone, company_name, type, discount, max_quantity_order) VALUES (112, 'Shawn', 'McDonough', '15175 S Main Street', 'Brooklyn Park', 'MN', '55428', '6125555603', 'McManus Inc.', 'S', null, 50);
	INSERT INTO customer (id, fname, lname, address, city, state, zip, phone, company_name, type, discount, max_quantity_order) VALUES (113, 'Samuel', 'Kaiser', '404 Bristol Street', 'Minneapolis', 'MN', '55041', '6125553409', 'Lakes Inc.', 'S', null, 75);
	INSERT INTO customer (id, fname, lname, address, city, state, zip, phone, company_name, type, discount, max_quantity_order) VALUES (114, 'Shane', 'Chopp', '9925 Summer Street', 'St Paul', 'MN', '55104', '6125556453', 'Howard Co.', 'B', 5, null);
	INSERT INTO customer (id, fname, lname, address, city, state, zip, phone, company_name, type, discount, max_quantity_order) VALUES (115, 'Shannon', 'Phillips', '20555 Cory Road', 'St Paul', 'MN', '55114', '6125556425', 'Sterling & Co.', 'S', null, 100);
	INSERT INTO customer (id, fname, lname, address, city, state, zip, phone, company_name, type, discount, max_quantity_order) VALUES (116, 'Brian', 'Gugliuzza', '39111 Wyman Street', 'Mamaroneck', 'NY', '10543', '9145553817', 'Sampson & Sons', 'B', 5, null);
	INSERT INTO customer (id, fname, lname, address, city, state, zip, phone, company_name, type, discount, max_quantity_order) VALUES (117, 'Meredith', 'Morgan', '9191 Galveston Drive', 'Westerville', 'OH', '43081', '6145558989', 'Square Sports', 'S', null, 60);
	INSERT INTO customer (id, fname, lname, address, city, state, zip, phone, company_name, type, discount, max_quantity_order) VALUES (118, 'Kristina', 'Sanford', '2196th Street', 'Raleigh', 'NC', '27695-7209', '9195555152', 'Raleigh Active Wear', 'S', null, 110);
	INSERT INTO customer (id, fname, lname, address, city, state, zip, phone, company_name, type, discount, max_quantity_order) VALUES (119, 'Tomm', 'Smith', '3 Post Oak Blvd.', 'South Laguna', 'CA', '92677', '7145554996', 'Ocean Sports', 'S', null, 75);
	INSERT INTO customer (id, fname, lname, address, city, state, zip, phone, company_name, type, discount, max_quantity_order) VALUES (120, 'Gertrude', 'Stein', '4 Amon Carter Blvd.', 'Elmsford', 'NY', '10523', '9145553476', 'Carney Co.', 'S', null, 50);
	INSERT INTO customer (id, fname, lname, address, city, state, zip, phone, company_name, type, discount, max_quantity_order) VALUES (121, 'Pete', 'Elkins', '23 Lawerence Street', 'Carmel', 'IN', '46032', '3175558437', 'Carmel Industries', 'B', 5, null);
	INSERT INTO customer (id, fname, lname, address, city, state, zip, phone, company_name, type, discount, max_quantity_order) VALUES (122, 'Al', 'Dente', '25 N.E. 38th Place', 'McLean', 'VA', '22102', '7035557491', 'Virgina Power', 'S', null, 75);
	INSERT INTO customer (id, fname, lname, address, city, state, zip, phone, company_name, type, discount, max_quantity_order) VALUES (123, 'Amanda', 'Lin', '25 North Pine Grove', 'Winnipeg', 'MB', 'R3C 3V6', '2045555559', 'North Land Trading', 'S', null, 60);
	INSERT INTO customer (id, fname, lname, address, city, state, zip, phone, company_name, type, discount, max_quantity_order) VALUES (124, 'Fanny', 'Farmer', '110 Barnard Lane', 'Wilmington', 'MA', '01887', '6175559386', 'The Ristuccia Center', 'S', null, 110);
	INSERT INTO customer (id, fname, lname, address, city, state, zip, phone, company_name, type, discount, max_quantity_order) VALUES (125, 'Sidney', 'Smelledge', '125 Merritt Drive', 'St. Louis', 'MO', '63101', '3145553426', 'Bush Pro Shop', 'S', null, 100);
	INSERT INTO customer (id, fname, lname, address, city, state, zip, phone, company_name, type, discount, max_quantity_order) VALUES (126, 'Sam', 'Ovar', '5 Lindenwood Drive', 'San Francisco', 'CA', '94105', '4155555972', 'Golden Gate Active Wear', 'S', null, 50);
	INSERT INTO customer (id, fname, lname, address, city, state, zip, phone, company_name, type, discount, max_quantity_order) VALUES (127, 'Mary', 'Lamm', '10 McKinney', 'Sarasota', 'FL', '34243', '8135557566', 'The Palms', 'S', null, 75);
	INSERT INTO customer (id, fname, lname, address, city, state, zip, phone, company_name, type, discount, max_quantity_order) VALUES (128, 'Hardy', 'Mums', '11 5th Avenue S.W.', 'Boston', 'MA', '02106', '6175554340', 'BoSox Club', 'S', null, 110);
	INSERT INTO customer (id, fname, lname, address, city, state, zip, phone, company_name, type, discount, max_quantity_order) VALUES (129, 'Heinz', 'Fahrvergnugen', '11 Armagh Street', 'Baltimore', 'MD', '21202', '3015553322', 'Camden Sports Apparel', 'B', 5, null);
	INSERT INTO customer (id, fname, lname, address, city, state, zip, phone, company_name, type, discount, max_quantity_order) VALUES (130, 'Sal', 'Monella', '20th Eastlake Avenue', 'New Berlin', 'WI', '53141', '4145556799', 'Wyse Corp.', 'S', null, 100);
	INSERT INTO customer (id, fname, lname, address, city, state, zip, phone, company_name, type, discount, max_quantity_order) VALUES (131, 'Daljit', 'Sinnot', '145 Presidents Landing', 'Bohemia', 'NY', '11716', '5165559811', 'The Pro Shopp', 'S', null, 60);
	INSERT INTO customer (id, fname, lname, address, city, state, zip, phone, company_name, type, discount, max_quantity_order) VALUES (132, 'Marilyn', 'King', '167 South Ulster', 'Fort Wayne', 'IN', '46801', '2195554551', 'Bristol Co.', 'B', 5, null);
	INSERT INTO customer (id, fname, lname, address, city, state, zip, phone, company_name, type, discount, max_quantity_order) VALUES (133, 'Moe', 'Bilhome', '180 W. Colfax Avenue', 'Burbank', 'CA', '91505', '8185558455', 'Bilhome Industries', 'S', null, 75);
	INSERT INTO customer (id, fname, lname, address, city, state, zip, phone, company_name, type, discount, max_quantity_order) VALUES (134, 'Paddy', 'O''Furniture', '1180 W. Las Colinas', 'Mogadore', 'OH', '44260', '2165556283', 'Gifts & Things', 'S', null, 60);
	INSERT INTO customer (id, fname, lname, address, city, state, zip, phone, company_name, type, discount, max_quantity_order) VALUES (135, 'Belinda', 'Clarke', '204 Constitution Avenue', 'New York', 'NY', '10001', '2125555026', 'Hermanns', 'S', null, 90);
	INSERT INTO customer (id, fname, lname, address, city, state, zip, phone, company_name, type, discount, max_quantity_order) VALUES (136, 'Tommie', 'Wooten', '1322 Hing Wai Building', 'Plymouth', 'MN', '55447', '6125553373', 'Leisure Time', 'B', 5, null);
	INSERT INTO customer (id, fname, lname, address, city, state, zip, phone, company_name, type, discount, max_quantity_order) VALUES (137, 'Polly', 'Morfek', '879 Hopyard Road', 'Ft. Wayne', 'IN', '46808', '2195554297', 'Sports Plus', 'S', null, 60);
	INSERT INTO customer (id, fname, lname, address, city, state, zip, phone, company_name, type, discount, max_quantity_order) VALUES (138, 'Regus', 'Patoff', '22 James Way', 'Burlington', 'ON', 'L7N 5L1', '9065554252', 'Sports Replay', 'S', null, 50);
	INSERT INTO customer (id, fname, lname, address, city, state, zip, phone, company_name, type, discount, max_quantity_order) VALUES (139, 'Jai', 'Dimitros', '236 Marineship Way', 'Boston', 'MA', '02201', '6175556354', 'Martins Landing', 'B', 5, null);
	INSERT INTO customer (id, fname, lname, address, city, state, zip, phone, company_name, type, discount, max_quantity_order) VALUES (140, 'Thomas', 'Thumb', '250 North Vine Street', 'Salt Lake City', 'UT', '84180', '8015553550', 'Ski,Ski,Ski', 'S', null, 60);
	INSERT INTO customer (id, fname, lname, address, city, state, zip, phone, company_name, type, discount, max_quantity_order) VALUES (141, 'Peter', 'Pyper', '408 Beta Mall', 'Fort Wayne', 'IN', '46801', '2195554552', 'Mall Side Sports', 'S', null, 40);
	INSERT INTO customer (id, fname, lname, address, city, state, zip, phone, company_name, type, discount, max_quantity_order) VALUES (142, 'Alfredo', 'Margolis', '400 Bloor Street East', 'Kansas City', 'MO', '64114', '8165558543', 'Creative Customs Inc.', 'S', null, 40);
	INSERT INTO customer (id, fname, lname, address, city, state, zip, phone, company_name, type, discount, max_quantity_order) VALUES (143, 'Peter', 'Piper', '3100 Stevens Creek Blvd.', 'Winnipeg', 'MB', 'R3C 3V6', '2045559414', 'Molly''s', 'S', null, 60);
	INSERT INTO customer (id, fname, lname, address, city, state, zip, phone, company_name, type, discount, max_quantity_order) VALUES (144, 'Fangmei', 'Wan', '4513 E. Hillsdale', 'Stowe', 'MA', '01775', '5085558979', 'Green Acre''s Custom Tee''s', 'S', null, 75);
	INSERT INTO customer (id, fname, lname, address, city, state, zip, phone, company_name, type, discount, max_quantity_order) VALUES (145, 'John', 'Doe', '357 Wellworth Ave', 'Fairfax', 'VA', '22030', '7035552184', 'Doe, Rae, Mee', 'S', null, 40);
	INSERT INTO customer (id, fname, lname, address, city, state, zip, phone, company_name, type, discount, max_quantity_order) VALUES (146, 'Alberto', 'Yost', '375 White Horse Road', 'Spokane', 'WA', '99216', '5095559276', 'Custom Designs', 'S', null, 40);
	INSERT INTO customer (id, fname, lname, address, city, state, zip, phone, company_name, type, discount, max_quantity_order) VALUES (147, 'Manoj', 'Lela', '501 Third Avenue North', 'Wood Bridge', 'NJ', '07095', '9085556021', 'Norton Co.', 'S', null, 50);
	INSERT INTO customer (id, fname, lname, address, city, state, zip, phone, company_name, type, discount, max_quantity_order) VALUES (148, 'Beth', 'Crooker', '501 College Road', 'Winnepeg', 'MB', 'R3C 2P4', '2045555554', 'Cooper Inc.', 'S', null, 100);
	INSERT INTO customer (id, fname, lname, address, city, state, zip, phone, company_name, type, discount, max_quantity_order) VALUES (149, 'Hans', 'Uhnfitte', '3700 West Wacker Dr', 'Winnepeg', 'MB', 'R3C `2P4', '2045554744', 'The Ultimate', 'S', null, 110);
	INSERT INTO customer (id, fname, lname, address, city, state, zip, phone, company_name, type, discount, max_quantity_order) VALUES (150, 'Carl', 'Mason', '1000 Powell Street', 'Don Mills', 'ON', 'M3C 3N4', '4165555108', 'Power Play', 'S', null, 60);
	INSERT INTO customer (id, fname, lname, address, city, state, zip, phone, company_name, type, discount, max_quantity_order) VALUES (151, 'Balwinder', 'Sinitskaya', '1133 Century Blvd', 'Overland Park', 'KS', '66210', '9135554519', 'Toto''s Active Wear', 'S', null, 75);
	INSERT INTO customer (id, fname, lname, address, city, state, zip, phone, company_name, type, discount, max_quantity_order) VALUES (152, 'Davey', 'Jones', '1218 Inelt Business Ctr.', 'Austin', 'NY', '11746', '5165555952', 'Play it again Sports', 'S', null, 60);
	INSERT INTO customer (id, fname, lname, address, city, state, zip, phone, company_name, type, discount, max_quantity_order) VALUES (153, 'Paul', 'Jones', '1221 Innovation Drive', 'Cincinnati', 'OH', '45202', '5135557622', 'Three Rivers Pro Shop', 'S', null, 60);
	INSERT INTO customer (id, fname, lname, address, city, state, zip, phone, company_name, type, discount, max_quantity_order) VALUES (154, 'Marvin', 'Smythe', '1291 North 27th Ave', 'North Miami', 'FL', '33181', '3055559457', 'Marlin Mainia', 'S', null, 60);
	INSERT INTO customer (id, fname, lname, address, city, state, zip, phone, company_name, type, discount, max_quantity_order) VALUES (155, 'Milo', 'Phipps', '1380 Osterbrogade', 'Lakewood', 'OH', '44107', '2165552264', 'Things Remembered', 'S', null, 75);
	INSERT INTO customer (id, fname, lname, address, city, state, zip, phone, company_name, type, discount, max_quantity_order) VALUES (156, 'Sue', 'DuCode', '1515 San Thomas Avenue', 'St Louis', 'MO', '63131', '3145558227', 'Ozzie''s Haven', 'S', null, 40);
	INSERT INTO customer (id, fname, lname, address, city, state, zip, phone, company_name, type, discount, max_quantity_order) VALUES (157, 'William', 'Watcom', '1615 Silver Lake Road', 'Chicago', 'IL', '60645', '3125557433', 'The Cub''s Den', 'B', 5, null);
	INSERT INTO customer (id, fname, lname, address, city, state, zip, phone, company_name, type, discount, max_quantity_order) VALUES (158, 'Jack', 'Cass', '3626 West Court Street', 'Lexington', 'MA', '02173', '6175558610', 'Jordan''s Basement', 'S', null, 75);
	INSERT INTO customer (id, fname, lname, address, city, state, zip, phone, company_name, type, discount, max_quantity_order) VALUES (159, 'Rick', 'Shaw', '3715 West Loop South', 'West Bloomfield', 'MI', '48324', '3135553638', 'ScrimShaw''s', 'S', null, 90);
	INSERT INTO customer (id, fname, lname, address, city, state, zip, phone, company_name, type, discount, max_quantity_order) VALUES (160, 'Clara', 'Nette', '3773 Wilshire Blvd', 'Port Washington', 'NY', '11050', '5165556250', 'Discount Department Store', 'S', null, 100);
	INSERT INTO customer (id, fname, lname, address, city, state, zip, phone, company_name, type, discount, max_quantity_order) VALUES (161, 'Gene', 'Poole', '3860 Vreeland Road', 'Washington', 'DC', '20581', '2025556537', 'State House Active Wear', 'S', null, 150);
	INSERT INTO customer (id, fname, lname, address, city, state, zip, phone, company_name, type, discount, max_quantity_order) VALUES (162, 'Melba', 'Toste', '3930 51st Ave North', 'Powell', 'OH', '43065', '6145558983', 'The Real Deal', 'S', null, 75);
	INSERT INTO customer (id, fname, lname, address, city, state, zip, phone, company_name, type, discount, max_quantity_order) VALUES (163, 'R.I.', 'Peese', '4199 Buckingham', 'Mississauga', 'ON', 'L4W 2S6', '4165556026', 'Mount Eastern Sports', 'S', null, 60);
	INSERT INTO customer (id, fname, lname, address, city, state, zip, phone, company_name, type, discount, max_quantity_order) VALUES (164, 'Aram', 'Najarian', '200 Cambridge Center', 'Danbury', 'CT', '6811', '2035557907', 'Bloomfield''s', 'S', null, 75);
	INSERT INTO customer (id, fname, lname, address, city, state, zip, phone, company_name, type, discount, max_quantity_order) VALUES (165, 'Tamara', 'Mournen', '42 Choke Cherry Road', 'Ft. Wayne', 'IN', '46808', '2195554297', 'Moran''s Gift Shop', 'S', null, 50);
	INSERT INTO customer (id, fname, lname, address, city, state, zip, phone, company_name, type, discount, max_quantity_order) VALUES (166, 'Malcolm', 'Naddem', '4255 Commerce Parkway', 'Buford', 'GA', '30518', '4045552529', 'Hospital Gift''s', 'B', 5, null);
	INSERT INTO customer (id, fname, lname, address, city, state, zip, phone, company_name, type, discount, max_quantity_order) VALUES (167, 'Nicklas', 'Cara', '1700 State Highway 249', 'Lakewood', 'OH', '44107', '2165552264', 'The Road Side Inn', 'S', null, 50);
	INSERT INTO customer (id, fname, lname, address, city, state, zip, phone, company_name, type, discount, max_quantity_order) VALUES (168, 'Almen', 'de Joie', '1750 Sweitzer Lane', 'Huntington Beach', 'CA', '92649', '7145555475', 'Surf''s Up!', 'S', null, 100);
	INSERT INTO customer (id, fname, lname, address, city, state, zip, phone, company_name, type, discount, max_quantity_order) VALUES (169, 'Laura', 'Terlemezian', '240 First Street', 'Matthews', 'NC', '28105', '7045558411', 'CoMed', 'S', null, 60);
	INSERT INTO customer (id, fname, lname, address, city, state, zip, phone, company_name, type, discount, max_quantity_order) VALUES (170, 'Manh', 'Neubauer', '2140 Haddington Street', 'Jacksonville', 'FL', '32206', '9045553551', 'Jason''s Sporting Goods', 'S', null, 120);
	INSERT INTO customer (id, fname, lname, address, city, state, zip, phone, company_name, type, discount, max_quantity_order) VALUES (171, 'Vincent', 'Nahra', '2180 Harwin Drive', 'West Chicago', 'IL', '60185-1120', '3125555551', 'Iron Mike''s Apparel', 'S', null, 75);
	INSERT INTO customer (id, fname, lname, address, city, state, zip, phone, company_name, type, discount, max_quantity_order) VALUES (172, 'Grace', 'Perez', '395 Market Street', 'Landover', 'MA', '20785', '3015557728', 'Avon Inc.', 'S', null, 75);
	INSERT INTO customer (id, fname, lname, address, city, state, zip, phone, company_name, type, discount, max_quantity_order) VALUES (173, 'Grover', 'Pendelton', '239 Merritt Drive', 'Clarksburg', 'MD', '20871', '3015554284', 'Simply Tee''s', 'S', null, 50);
	INSERT INTO customer (id, fname, lname, address, city, state, zip, phone, company_name, type, discount, max_quantity_order) VALUES (174, 'Anabai', 'Zoblotny', '12600 N.E. Airport Way', 'Denver', 'CO', '80225', '3035552757', 'Hats Etc.', 'S', null, 75);
	INSERT INTO customer (id, fname, lname, address, city, state, zip, phone, company_name, type, discount, max_quantity_order) VALUES (175, 'Tawfik', 'Perkins', '1270 N.W. 7th Avenue', 'Victoria', 'BC', 'V8W 2B7', '6045553801', 'The Hat Company', 'S', null, 75);
	INSERT INTO customer (id, fname, lname, address, city, state, zip, phone, company_name, type, discount, max_quantity_order) VALUES (176, 'Helen', 'Shumovich', '2800 Park Plaza #1800', 'Baltimore', 'MD', '21209', '4105553322', 'The Bird''s Loft', 'S', null, 100);
	INSERT INTO customer (id, fname, lname, address, city, state, zip, phone, company_name, type, discount, max_quantity_order) VALUES (177, 'Joseph', 'Zubenko', '314 Stonehollow Drive', 'Raleigh', 'NC', '27695', '9195555152', 'Avco Ent.', 'S', null, 40);
	INSERT INTO customer (id, fname, lname, address, city, state, zip, phone, company_name, type, discount, max_quantity_order) VALUES (178, 'Suresh', 'Naidu', '321 Sycamore Drive', 'New London', 'CT', '6320', '2035554440', 'Amy''s Silk Screening', 'S', null, 60);
	INSERT INTO customer (id, fname, lname, address, city, state, zip, phone, company_name, type, discount, max_quantity_order) VALUES (179, 'Marsha', 'Nguyen', '44 Dunlaney Gate Circle', 'Miramar', 'FL', '33027', '3055554336', 'Resco', 'S', null, 100);
	INSERT INTO customer (id, fname, lname, address, city, state, zip, phone, company_name, type, discount, max_quantity_order) VALUES (180, 'Edith', 'Peros', '50 Market Street', 'Rochester', 'NY', '14624', '7165554275', 'Breswick''s Department Store', 'S', null, 40);
	INSERT INTO customer (id, fname, lname, address, city, state, zip, phone, company_name, type, discount, max_quantity_order) VALUES (181, 'Emunah', 'Teeven', '101 Wilshire Blvd.', 'Washington', 'DC', '20240', '2025552083', 'Hometown Tee''s', 'S', null, 50);
	INSERT INTO customer (id, fname, lname, address, city, state, zip, phone, company_name, type, discount, max_quantity_order) VALUES (182, 'Leilani', 'Gardner', '103 Campus Drive', 'Acworth', 'CA', '30102', '4045559283', 'Polly''s Custom Design', 'B', 5, null);
	INSERT INTO customer (id, fname, lname, address, city, state, zip, phone, company_name, type, discount, max_quantity_order) VALUES (183, 'Marilyn', 'Nakagama', '105 Central Avenue', 'Winter Park', 'FL', '32792', '4075556776', 'Zoo Gift Shop', 'S', null, 75);
	INSERT INTO customer (id, fname, lname, address, city, state, zip, phone, company_name, type, discount, max_quantity_order) VALUES (184, 'Anoush', 'Serafina', '4643 Greenway Place', 'Overland Park', 'KS', '66210', '9135554519', 'Westend Dealers', 'S', null, 100);
	INSERT INTO customer (id, fname, lname, address, city, state, zip, phone, company_name, type, discount, max_quantity_order) VALUES (185, 'Serop', 'Belmont', '4867 Hadley Lane', 'Hartford', 'CT', '6115', '2035555474', 'The Heartford', 'S', null, 40);
	INSERT INTO customer (id, fname, lname, address, city, state, zip, phone, company_name, type, discount, max_quantity_order) VALUES (186, 'Thao', 'Tenorio', '5000 Midway Road', 'Kansas City', 'MO', '64105', '8165558543', 'Wally''s World', 'S', null, 50);
	INSERT INTO customer (id, fname, lname, address, city, state, zip, phone, company_name, type, discount, max_quantity_order) VALUES (187, 'Sebouh', 'Bensoul', '8024 Van Ness Way', 'Peoria', 'IL', '61614', '3095556915', 'Bensoul''s Boutique', 'S', null, 50);
	INSERT INTO customer (id, fname, lname, address, city, state, zip, phone, company_name, type, discount, max_quantity_order) VALUES (188, 'Vartan', 'Berenberg', '1020 110th Avenue N.E.', 'Northbrook', 'IL', '60062', '7085552914', 'Diva''s Design', 'S', null, 50);
	INSERT INTO customer (id, fname, lname, address, city, state, zip, phone, company_name, type, discount, max_quantity_order) VALUES (189, 'Herbert', 'Berejiklian', '1535 Municiple Drive', 'Cambridge', 'MA', '02142', '6175553547', 'Out of Town Sports', 'S', null, 60);
	INSERT INTO customer (id, fname, lname, address, city, state, zip, phone, company_name, type, discount, max_quantity_order) VALUES (190, 'Randy', 'Arlington', '1635 N Franklin Turnpike', 'Detriot', 'MI', '48214', '3135555716', 'Jim Dandy''s', 'S', null, 75);
	INSERT INTO customer (id, fname, lname, address, city, state, zip, phone, company_name, type, discount, max_quantity_order) VALUES (191, 'Marta', 'Richards', '10707 Northridge Road', 'Miami', 'FL', '33172', '3055554711', 'Ocean Sports Wear', 'S', null, 140);
	INSERT INTO customer (id, fname, lname, address, city, state, zip, phone, company_name, type, discount, max_quantity_order) VALUES (192, 'Rosanna', 'Beldov', '1889 Northside Parkway', 'Sioux City', 'IA', '51102', '7125552741', 'Morrell Inc.', 'S', null, 75);
	INSERT INTO customer (id, fname, lname, address, city, state, zip, phone, company_name, type, discount, max_quantity_order) VALUES (193, 'Alfred', 'Newman', '2721 Northeast 99th Way', 'Kansas City', 'MO', '64114', '8165558543', 'Big Sky Design', 'S', null, 120);
	INSERT INTO customer (id, fname, lname, address, city, state, zip, phone, company_name, type, discount, max_quantity_order) VALUES (194, 'Jen-Chang', 'Chin', '2770 Oyster Point Blvd', 'Fairfax', 'VA', '02203', '7035558037', 'Cinnamon Rainbow''s', 'S', null, 60);
	INSERT INTO customer (id, fname, lname, address, city, state, zip, phone, company_name, type, discount, max_quantity_order) VALUES (195, 'Li-Hui', 'Jyh-Hwa', '301 Potrero Avenue', 'Atlanta', 'GA', '30303', '4045556762', 'Peachtree Active Wear', 'S', null, 100);
	INSERT INTO customer (id, fname, lname, address, city, state, zip, phone, company_name, type, discount, max_quantity_order) VALUES (196, 'Ling Ling', 'Andrews', '303 Roe Avenue', 'Edmonton', 'AB', 'T5N 1S5', '4035554884', 'The Igloo', 'S', null, 60);
	INSERT INTO customer (id, fname, lname, address, city, state, zip, phone, company_name, type, discount, max_quantity_order) VALUES (197, 'Maio', 'Chermak', '330 Sycamore Road', 'Atlanta', 'GA', '30346', '4045558046', 'Southern Sports', 'S', null, 90);
	INSERT INTO customer (id, fname, lname, address, city, state, zip, phone, company_name, type, discount, max_quantity_order) VALUES (198, 'Sheng', 'Chen', '1801 W. Six Mile Road', 'San Ramon', 'CA', '94583', '5105558666', 'Able Inc.', 'B', 5, null);
	INSERT INTO customer (id, fname, lname, address, city, state, zip, phone, company_name, type, discount, max_quantity_order) VALUES (199, 'Ella', 'Mentary', '452 Embarcadero Center', 'Rochester', 'NY', '14644', '7165554236', 'Nobel Co.', 'B', 10, null);
	INSERT INTO customer (id, fname, lname, address, city, state, zip, phone, company_name, type, discount, max_quantity_order) VALUES (200, 'Helen', 'Chau', '1900 Yamato Road', 'North Potomac', 'MD', '20878', '3015553099', 'Stone''s Sporting Goods', 'B', 10, null);
	INSERT INTO customer (id, fname, lname, address, city, state, zip, phone, company_name, type, discount, max_quantity_order) VALUES (201, 'Amit', 'Singh', '1986 Yonge Street', 'Overland Park', 'KS', '66210', '9135554519', 'Overland Army Navy', 'B', 10, null);
	INSERT INTO customer (id, fname, lname, address, city, state, zip, phone, company_name, type, discount, max_quantity_order) VALUES (202, 'Bubba', 'Murphy', '2401 N. 44th Street', 'White Plains', 'NY', '10604', '9145556961', 'Dane''s World', 'B', 10, null);
	INSERT INTO customer (id, fname, lname, address, city, state, zip, phone, company_name, type, discount, max_quantity_order) VALUES (203, 'Salton', 'Pepper', '401 Boylston Street', 'Madison', 'WI', '53705', '6085552673', 'Salt & Pepper''s', 'S', null, 75);
	INSERT INTO customer (id, fname, lname, address, city, state, zip, phone, company_name, type, discount, max_quantity_order) VALUES (204, 'Robert', 'Spaid', '333 Town Center', 'Jackson', 'MI', '49202', '5175557883', 'Cognos Sports', 'B', 10, null);
	INSERT INTO customer (id, fname, lname, address, city, state, zip, phone, company_name, type, discount, max_quantity_order) VALUES (205, 'Elmo', 'Smythe', '2815 Plaza Street', 'East Douglas', 'MA', '01516', '5085554761', 'East Coast Traders', 'B', 5, null);
	INSERT INTO customer (id, fname, lname, address, city, state, zip, phone, company_name, type, discount, max_quantity_order) VALUES (206, 'JohnPaul', 'Jones', '2999 Post Oak Blvd.', 'Reston', 'VA', '22091', '7035556209', 'Chadwicks', 'B', 5, null);
	INSERT INTO customer (id, fname, lname, address, city, state, zip, phone, company_name, type, discount, max_quantity_order) VALUES (207, 'Wen-Chu', 'Donchek', '2406 N. Mission', 'Lisle', 'IL', '60532', '7085555055', 'The Country Store', 'S', null, 75);
	INSERT INTO customer (id, fname, lname, address, city, state, zip, phone, company_name, type, discount, max_quantity_order) VALUES (208, 'Derek', 'Suess', '234 King George Drive', 'Albany', 'NY', '12208', '5185552623', 'Capital Center Sports', 'S', null, 100);
	INSERT INTO customer (id, fname, lname, address, city, state, zip, phone, company_name, type, discount, max_quantity_order) VALUES (209, 'Laura', 'Boyle', '130 Pillsbury Road', 'Los Altos', 'CA', '94022', '4155559678', 'Boyle''s Swap Meet', 'B', 10, null);
	INSERT INTO customer (id, fname, lname, address, city, state, zip, phone, company_name, type, discount, max_quantity_order) VALUES (220, 'Lewis N.', 'Clark', '245 Expedition Hwy', 'Laramie', 'WY', '85293', '3075556589', 'Trek Outfitters', 'S', null, null);
	INSERT INTO customer (id, fname, lname, address, city, state, zip, phone, company_name, type, discount, max_quantity_order) VALUES (221, 'Jack', 'Johnson', '45 Shoebox Lane', 'Santa Fe', 'NM', '40420', '5055554568', 'Turkey Creek Co.', 'S', null, null);
	INSERT INTO customer (id, fname, lname, address, city, state, zip, phone, company_name, type, discount, max_quantity_order) VALUES (222, 'Jane', 'Doe', '57 Disk Drive', 'San Jose', 'CA', '94020', '4085558796', 'data Recovery Services', 'S', null, null);
	INSERT INTO customer (id, fname, lname, address, city, state, zip, phone, company_name, type, discount, max_quantity_order) VALUES (330, 'John', 'Glenn', '90 Rocket Pad', 'Orlando', 'FL', '32200', '4075558574', 'Launch Facilities', 'S', null, null);
	INSERT INTO customer (id, fname, lname, address, city, state, zip, phone, company_name, type, discount, max_quantity_order) VALUES (331, 'Dominic', 'Johansen', '33 West Street', 'New Orleans', 'LA', '33552', '5045558487', 'Mardi Gras Parties', 'S', null, null);
	INSERT INTO customer (id, fname, lname, address, city, state, zip, phone, company_name, type, discount, max_quantity_order) VALUES (332, 'Stanley', 'Jue', '67 Bronco Circle', 'Houston', 'TX', '77057', '7135558857', 'Bay Town Bus Co.', 'S', null, null);
	INSERT INTO customer (id, fname, lname, address, city, state, zip, phone, company_name, type, discount, max_quantity_order) VALUES (333, 'Harry', 'Jones', '25 Software Rd', 'San Jose', 'CA', '94020', '4085556689', 'Bits & Bytes', 'S', null, null);
	INSERT INTO customer (id, fname, lname, address, city, state, zip, phone, company_name, type, discount, max_quantity_order) VALUES (440, 'Marie', 'Curie', '210 Helping Hand Hwy', 'LeCroix', 'MA', '02140', '6175558875', 'Wind & Rain', 'S', null, null);
	INSERT INTO customer (id, fname, lname, address, city, state, zip, phone, company_name, type, discount, max_quantity_order) VALUES (441, 'Elizibeth', 'Bordon', '87 Grinding Stone Rd', 'New Bedford', 'MA', '01801', '5085558879', 'Blades & things', 'S', null, null);
	INSERT INTO customer (id, fname, lname, address, city, state, zip, phone, company_name, type, discount, max_quantity_order) VALUES (444, 'Len', 'Manager', '23 Network Way', 'Dallas', 'TX', '76552', '2145552685', 'Let''s get Connected', 'S', null, null);
	INSERT INTO customer (id, fname, lname, address, city, state, zip, phone, company_name, type, discount, max_quantity_order) VALUES (550, 'Tony', 'Antolini', '6678 Sliver Road', 'Fargo', 'ND', '60500', '7015553259', 'Flat Landers', 'S', null, null);
	INSERT INTO customer (id, fname, lname, address, city, state, zip, phone, company_name, type, discount, max_quantity_order) VALUES (551, 'Tom', 'Cruz', '789 Far Away Lane', 'Eugene', 'OR', '98524', '5035557462', 'Raceway Engines', 'S', null, null);
	INSERT INTO customer (id, fname, lname, address, city, state, zip, phone, company_name, type, discount, max_quantity_order) VALUES (552, 'Janice', 'O''Toole', '654 West Hill', 'Nashville', 'TN', '37320', '6155553689', 'Greensleeves', 'S', null, null);
	INSERT INTO customer (id, fname, lname, address, city, state, zip, phone, company_name, type, discount, max_quantity_order) VALUES (553, 'Stevie', 'Nickolas', '77 Recordings Circle', 'Tacoma', 'WA', '96521', '5095551695', 'It''s a Hit!', 'S', null, null);
	INSERT INTO customer (id, fname, lname, address, city, state, zip, phone, company_name, type, discount, max_quantity_order) VALUES (555, 'Philipe', 'Fernandez', '99 Main Street', 'Los Angeles', 'CA', '90205', '2135554457', 'Quaker Fashions', 'S', null, null);
	INSERT INTO customer (id, fname, lname, address, city, state, zip, phone, company_name, type, discount, max_quantity_order) VALUES (661, 'Jennifer', 'Stutzman', '3 Back Pages Lane', 'Missola', 'IL', '60505', '7085556857', 'Stutzman Advertising', 'S', null, null);
	INSERT INTO customer (id, fname, lname, address, city, state, zip, phone, company_name, type, discount, max_quantity_order) VALUES (665, 'William', 'Thompson', '91 Washington Street', 'Manchester', 'NY', '11700', '5165552549', 'The Apple Farm', 'S', null, null);


	INSERT INTO department (dept_id, dept_name, dept_head_id) VALUES (100, 'R & D', 501);
	INSERT INTO department (dept_id, dept_name, dept_head_id) VALUES (200, 'Sales', 902);
	INSERT INTO department (dept_id, dept_name, dept_head_id) VALUES (300, 'Finance', 1293);
	INSERT INTO department (dept_id, dept_name, dept_head_id) VALUES (400, 'Marketing', 1576);
	INSERT INTO department (dept_id, dept_name, dept_head_id) VALUES (500, 'Shipping', 703);
	INSERT INTO department (dept_id, dept_name, dept_head_id) VALUES (600, 'HRM', 703);
	INSERT INTO department (dept_id, dept_name, dept_head_id) VALUES (700, 'Purchase', 949);
	
	
	INSERT INTO employee (emp_id, manager_id, emp_fname, emp_lname, dept_id, street, city, state, zip_code, phone, status, ss_number, salary, start_date, termination_date, birth_date, bene_health_ins, bene_life_ins, bene_day_care, sex) VALUES (102, 501, 'Fran', 'Whitney', 100, '49 East Washington Street', 'Needham', 'MA', '02192', '6175553985', 'A', '017349033', 45700, '2007-02-26 00:00:00', null, '1979-06-05 00:00:00', 'Y', 'Y', 'N', 'F');
	INSERT INTO employee (emp_id, manager_id, emp_fname, emp_lname, dept_id, street, city, state, zip_code, phone, status, ss_number, salary, start_date, termination_date, birth_date, bene_health_ins, bene_life_ins, bene_day_care, sex) VALUES (105, 501, 'Matthew', 'Cobb', 100, '77 Pleasant Street', 'Waltham', 'MA', '02154', '6175553840', 'A', '052345739', 80000, '2007-07-02 00:00:00', null, '1981-12-04 00:00:00', 'Y', 'Y', 'N', 'M');
	INSERT INTO employee (emp_id, manager_id, emp_fname, emp_lname, dept_id, street, city, state, zip_code, phone, status, ss_number, salary, start_date, termination_date, birth_date, bene_health_ins, bene_life_ins, bene_day_care, sex) VALUES (129, 902, 'Philip', 'Chin', 200, '59 Pond Street', 'Atlanta', 'GA', '30339', '4045552341', 'A', '024608923', 38500, '2007-08-04 00:00:00', null, '1987-10-30 00:00:00', 'Y', 'Y', 'N', 'M');
	INSERT INTO employee (emp_id, manager_id, emp_fname, emp_lname, dept_id, street, city, state, zip_code, phone, status, ss_number, salary, start_date, termination_date, birth_date, bene_health_ins, bene_life_ins, bene_day_care, sex) VALUES (148, 1293, 'Julie', 'Jordan', 300, '144 Great Plain Avenue', 'Winchester', 'MA', '01890', '6175557835', 'A', '501704733', 41432, '2007-10-04 00:00:00', null, '1972-12-13 00:00:00', 'Y', 'Y', 'N', 'F');
	INSERT INTO employee (emp_id, manager_id, emp_fname, emp_lname, dept_id, street, city, state, zip_code, phone, status, ss_number, salary, start_date, termination_date, birth_date, bene_health_ins, bene_life_ins, bene_day_care, sex) VALUES (160, 501, 'Robert', 'Breault', 100, '58 Cherry Street', 'Milton', 'MA', '02186', '6175553099', 'A', '025487623', 57490, '2007-12-16 00:00:00', null, '1968-05-13 00:00:00', 'Y', 'Y', 'Y', 'M');
	INSERT INTO employee (emp_id, manager_id, emp_fname, emp_lname, dept_id, street, city, state, zip_code, phone, status, ss_number, salary, start_date, termination_date, birth_date, bene_health_ins, bene_life_ins, bene_day_care, sex) VALUES (184, 1576, 'Melissa', 'Espinoza', 400, '112 Apple Tree Way', 'Stow', 'MA', '01775', '5085552319', 'A', '025481943', 36490, '2008-04-18 00:00:00', null, '1960-12-14 00:00:00', 'Y', 'Y', 'N', 'F');
	INSERT INTO employee (emp_id, manager_id, emp_fname, emp_lname, dept_id, street, city, state, zip_code, phone, status, ss_number, salary, start_date, termination_date, birth_date, bene_health_ins, bene_life_ins, bene_day_care, sex) VALUES (191, 703, 'Jeannette', 'Bertrand', 500, '209 Concord Street', 'Acton', 'MA', '01720', '5085558138', 'A', '017348821', 32780, '2008-05-20 00:00:00', null, '1985-12-21 00:00:00', 'Y', 'Y', 'Y', 'F');
	INSERT INTO employee (emp_id, manager_id, emp_fname, emp_lname, dept_id, street, city, state, zip_code, phone, status, ss_number, salary, start_date, termination_date, birth_date, bene_health_ins, bene_life_ins, bene_day_care, sex) VALUES (195, 902, 'Marc', 'Dill', 200, '89 Hancock Street', 'Milton', 'MA', '02186', '6175552144', 'A', '079486634', 54800, '2008-06-06 00:00:00', null, '1984-07-19 00:00:00', 'Y', 'Y', 'N', 'M');
	INSERT INTO employee (emp_id, manager_id, emp_fname, emp_lname, dept_id, street, city, state, zip_code, phone, status, ss_number, salary, start_date, termination_date, birth_date, bene_health_ins, bene_life_ins, bene_day_care, sex) VALUES (207, 1576, 'Jane', 'Francis', 400, '12 Hawthorne Drive', 'Concord', 'MA', '01742', '5085559022', 'A', '501708992', 53870, '2008-08-04 00:00:00', null, '1975-09-12 00:00:00', 'Y', 'Y', 'N', 'F');
	INSERT INTO employee (emp_id, manager_id, emp_fname, emp_lname, dept_id, street, city, state, zip_code, phone, status, ss_number, salary, start_date, termination_date, birth_date, bene_health_ins, bene_life_ins, bene_day_care, sex) VALUES (243, 501, 'Natasha', 'Shishov', 100, '15 Milk Street', 'Waltham', 'MA', '02154', '6175552755', 'A', '043216799', 72995, '2008-12-06 00:00:00', null, '1970-04-22 00:00:00', 'Y', 'Y', 'N', 'F');
	INSERT INTO employee (emp_id, manager_id, emp_fname, emp_lname, dept_id, street, city, state, zip_code, phone, status, ss_number, salary, start_date, termination_date, birth_date, bene_health_ins, bene_life_ins, bene_day_care, sex) VALUES (247, 501, 'Kurt', 'Driscoll', 100, '154 School Street', 'Waltham', 'MA', '02154', '6175551234', 'L', '024601768', 48023, '2008-12-30 00:00:00', null, '1976-03-05 00:00:00', 'Y', 'Y', 'Y', 'M');
	INSERT INTO employee (emp_id, manager_id, emp_fname, emp_lname, dept_id, street, city, state, zip_code, phone, status, ss_number, salary, start_date, termination_date, birth_date, bene_health_ins, bene_life_ins, bene_day_care, sex) VALUES (249, 501, 'Rodrigo', 'Guevara', 100, 'East Main Street', 'Framingham', 'MA', '01701', '5085550029', 'A', '084329990', 42998, '2009-04-13 00:00:00', null, '1977-11-23 00:00:00', 'Y', 'Y', 'N', 'M');
	INSERT INTO employee (emp_id, manager_id, emp_fname, emp_lname, dept_id, street, city, state, zip_code, phone, status, ss_number, salary, start_date, termination_date, birth_date, bene_health_ins, bene_life_ins, bene_day_care, sex) VALUES (266, 501, 'Ram', 'Gowda', 100, '79 Page Street', 'Natick', 'MA', '01760', '5085558722', 'A', '017346122', 59840, '2009-05-30 00:00:00', null, '1968-10-18 00:00:00', 'N', 'Y', 'N', 'M');
	INSERT INTO employee (emp_id, manager_id, emp_fname, emp_lname, dept_id, street, city, state, zip_code, phone, status, ss_number, salary, start_date, termination_date, birth_date, bene_health_ins, bene_life_ins, bene_day_care, sex) VALUES (278, 501, 'Terry', 'Melkisetian', 100, '87 Oxford Road', 'Watertown', 'MA', '02172', '6175555188', 'A', '087602311', 48500, '2009-06-05 00:00:00', null, '1987-05-17 00:00:00', 'Y', 'Y', 'Y', 'F');
	INSERT INTO employee (emp_id, manager_id, emp_fname, emp_lname, dept_id, street, city, state, zip_code, phone, status, ss_number, salary, start_date, termination_date, birth_date, bene_health_ins, bene_life_ins, bene_day_care, sex) VALUES (299, 902, 'Rollin', 'Overbey', 600, '1915 Companion Ct.', 'Emeryville', 'CA', '94608', '5105557255', 'A', '025487133', 39300, '2009-08-19 00:00:00', null, '1985-03-15 00:00:00', 'Y', 'Y', 'N', 'M');
	INSERT INTO employee (emp_id, manager_id, emp_fname, emp_lname, dept_id, street, city, state, zip_code, phone, status, ss_number, salary, start_date, termination_date, birth_date, bene_health_ins, bene_life_ins, bene_day_care, sex) VALUES (316, 501, 'Lynn', 'Pastor', 100, '14 Cricklewood Drive', 'Burlington', 'MA', '01803', '6175552001', 'A', '048667211', 74500, '2009-10-24 00:00:00', null, '1983-07-14 00:00:00', 'Y', 'Y', 'Y', 'F');
	INSERT INTO employee (emp_id, manager_id, emp_fname, emp_lname, dept_id, street, city, state, zip_code, phone, status, ss_number, salary, start_date, termination_date, birth_date, bene_health_ins, bene_life_ins, bene_day_care, sex) VALUES (318, 1576, 'John', 'Crow', 400, '531 Main Street', 'Watertown', 'MA', '02172', '6175553332', 'A', '079349168', 41700, '2009-11-20 00:00:00', null, '1983-04-24 00:00:00', 'Y', 'Y', 'N', 'M');
	INSERT INTO employee (emp_id, manager_id, emp_fname, emp_lname, dept_id, street, city, state, zip_code, phone, status, ss_number, salary, start_date, termination_date, birth_date, bene_health_ins, bene_life_ins, bene_day_care, sex) VALUES (390, 1293, 'Jo Ann', 'Davidson', 300, '27 Mount Vernon Road', 'Needham', 'MA', '02192', '6175553870', 'A', '027341657', 57090, '2009-11-30 00:00:00', null, '1978-02-17 00:00:00', 'N', 'Y', 'Y', 'F');
	INSERT INTO employee (emp_id, manager_id, emp_fname, emp_lname, dept_id, street, city, state, zip_code, phone, status, ss_number, salary, start_date, termination_date, birth_date, bene_health_ins, bene_life_ins, bene_day_care, sex) VALUES (409, 1576, 'Bruce', 'Weaver', 400, '19 Westmoreland Street', 'Lexington', 'MA', '02173', '6175554444', 'A', '048781192', 46550, '2009-12-08 00:00:00', null, '1967-04-05 00:00:00', 'Y', 'Y', 'N', 'M');
	INSERT INTO employee (emp_id, manager_id, emp_fname, emp_lname, dept_id, street, city, state, zip_code, phone, status, ss_number, salary, start_date, termination_date, birth_date, bene_health_ins, bene_life_ins, bene_day_care, sex) VALUES (445, 501, 'Kim', 'Lull', 100, '199 Lincoln Street', 'Concord', 'MA', '01742', '5085554444', 'A', '017508821', 87900, '2009-12-13 00:00:00', null, '1976-01-19 00:00:00', 'Y', 'Y', 'N', 'M');
	INSERT INTO employee (emp_id, manager_id, emp_fname, emp_lname, dept_id, street, city, state, zip_code, phone, status, ss_number, salary, start_date, termination_date, birth_date, bene_health_ins, bene_life_ins, bene_day_care, sex) VALUES (453, 501, 'Andrew', 'Rabkin', 100, '44 Birds Hill Way', 'Burlington', 'MA', '01803', '6175554444', 'A', '029458129', 64500, '2009-12-13 00:00:00', null, '1978-08-10 00:00:00', 'Y', 'Y', 'N', 'M');
	INSERT INTO employee (emp_id, manager_id, emp_fname, emp_lname, dept_id, street, city, state, zip_code, phone, status, ss_number, salary, start_date, termination_date, birth_date, bene_health_ins, bene_life_ins, bene_day_care, sex) VALUES (467, 902, 'James', 'Klobucher', 200, '18 Corning Street', 'Houston', 'TX', '77079', '7135558627', 'A', '034281032', 49500, '2010-01-07 00:00:00', null, '1973-11-09 00:00:00', 'Y', 'Y', 'N', 'M');
	INSERT INTO employee (emp_id, manager_id, emp_fname, emp_lname, dept_id, street, city, state, zip_code, phone, status, ss_number, salary, start_date, termination_date, birth_date, bene_health_ins, bene_life_ins, bene_day_care, sex) VALUES (479, 501, 'Linda', 'Siperstein', 100, '341 Hillside Avenue', 'Newton', 'MA', '02164', '6175556588', 'L', '022415639', 39875, '2010-01-20 00:00:00', null, '1988-09-21 00:00:00', 'Y', 'Y', 'N', 'F');
	INSERT INTO employee (emp_id, manager_id, emp_fname, emp_lname, dept_id, street, city, state, zip_code, phone, status, ss_number, salary, start_date, termination_date, birth_date, bene_health_ins, bene_life_ins, bene_day_care, sex) VALUES (501, 501, 'David', 'Scott', 100, '21 Riverdale Drive', 'Belmont', 'MA', '02178', '6175553246', 'A', '064983327', 96300, '2010-02-01 00:00:00', null, '1968-03-01 00:00:00', 'Y', 'Y', 'Y', 'M');
	INSERT INTO employee (emp_id, manager_id, emp_fname, emp_lname, dept_id, street, city, state, zip_code, phone, status, ss_number, salary, start_date, termination_date, birth_date, bene_health_ins, bene_life_ins, bene_day_care, sex) VALUES (529, 501, 'Dorothy', 'Sullivan', 100, '124 Minuteman Drive', 'Lexington', 'MA', '02173', '6175553947', 'A', '501324492', 67890, '2010-08-03 00:00:00', null, '1971-04-19 00:00:00', 'Y', 'Y', 'N', 'F');
	INSERT INTO employee (emp_id, manager_id, emp_fname, emp_lname, dept_id, street, city, state, zip_code, phone, status, ss_number, salary, start_date, termination_date, birth_date, bene_health_ins, bene_life_ins, bene_day_care, sex) VALUES (582, 501, 'Peter', 'Samuels', 100, '54 Woodlawn Street', 'Newton', 'MA', '02164', '6175558342', 'A', '038218867', 37400, '2010-09-21 00:00:00', null, '1989-02-28 00:00:00', 'Y', 'Y', 'N', 'M');
	INSERT INTO employee (emp_id, manager_id, emp_fname, emp_lname, dept_id, street, city, state, zip_code, phone, status, ss_number, salary, start_date, termination_date, birth_date, bene_health_ins, bene_life_ins, bene_day_care, sex) VALUES (586, 1293, 'James', 'Coleman', 300, '57 Heather Hill Drive', 'Acton', 'MA', '01720', '5085554735', 'L', '031281245', 42300, '2010-10-04 00:00:00', null, '1987-03-04 00:00:00', 'Y', 'Y', 'N', 'M');
	INSERT INTO employee (emp_id, manager_id, emp_fname, emp_lname, dept_id, street, city, state, zip_code, phone, status, ss_number, salary, start_date, termination_date, birth_date, bene_health_ins, bene_life_ins, bene_day_care, sex) VALUES (591, 1576, 'Irene', 'Barletta', 400, '37 Gleason Street', 'Bedford', 'MA', '01730', '6175558345', 'A', '056872399', 45450, '2011-01-16 00:00:00', null, '1978-01-30 00:00:00', 'Y', 'Y', 'Y', 'F');
	INSERT INTO employee (emp_id, manager_id, emp_fname, emp_lname, dept_id, street, city, state, zip_code, phone, status, ss_number, salary, start_date, termination_date, birth_date, bene_health_ins, bene_life_ins, bene_day_care, sex) VALUES (604, 501, 'Albert', 'Wang', 100, '48 Edwin Street', 'Waltham', 'MA', '02154', '6175558741', 'A', '023486621', 68400, '2011-03-30 00:00:00', null, '1979-12-25 00:00:00', 'Y', 'Y', 'N', 'M');
	INSERT INTO employee (emp_id, manager_id, emp_fname, emp_lname, dept_id, street, city, state, zip_code, phone, status, ss_number, salary, start_date, termination_date, birth_date, bene_health_ins, bene_life_ins, bene_day_care, sex) VALUES (641, 902, 'Thomas', 'Powell', 200, '48 Kennedy Court', 'Newton', 'MA', '02162', '6175551956', 'A', '038726633', 54600, '2011-04-14 00:00:00', null, '1972-10-31 00:00:00', 'Y', 'Y', 'N', 'M');
	INSERT INTO employee (emp_id, manager_id, emp_fname, emp_lname, dept_id, street, city, state, zip_code, phone, status, ss_number, salary, start_date, termination_date, birth_date, bene_health_ins, bene_life_ins, bene_day_care, sex) VALUES (667, 902, 'Mary', 'Garcia', 200, '98 Purvis Street', 'Houston', 'TX', '77079', '7135553431', 'A', '042706188', 39800, '2011-05-23 00:00:00', null, '1984-01-23 00:00:00', 'N', 'Y', 'Y', 'F');
	INSERT INTO employee (emp_id, manager_id, emp_fname, emp_lname, dept_id, street, city, state, zip_code, phone, status, ss_number, salary, start_date, termination_date, birth_date, bene_health_ins, bene_life_ins, bene_day_care, sex) VALUES (690, 902, 'Kathleen', 'Poitras', 200, '50 The Fenway', 'Boston', 'MA', '02118', '6175553920', 'A', '087236702', 46200, '2011-05-29 00:00:00', null, '1986-09-29 00:00:00', 'N', 'Y', 'N', 'F');
	INSERT INTO employee (emp_id, manager_id, emp_fname, emp_lname, dept_id, street, city, state, zip_code, phone, status, ss_number, salary, start_date, termination_date, birth_date, bene_health_ins, bene_life_ins, bene_day_care, sex) VALUES (703, 902, 'Jose', 'Martinez', 500, '495 Washington Street', 'Westwood', 'MA', '02090', '6175557114', 'A', '012896755', 61050, '2011-06-01 00:00:00', null, '1974-07-22 00:00:00', 'Y', 'Y', 'N', 'M');
	INSERT INTO employee (emp_id, manager_id, emp_fname, emp_lname, dept_id, street, city, state, zip_code, phone, status, ss_number, salary, start_date, termination_date, birth_date, bene_health_ins, bene_life_ins, bene_day_care, sex) VALUES (750, 703, 'Jane', 'Braun', 500, '45 Wood Street', 'Cambridge', 'MA', '02140', '6175557857', 'A', '012459381', 37730, '2011-07-04 00:00:00', null, '1960-08-09 00:00:00', 'Y', 'Y', 'N', 'F');
	INSERT INTO employee (emp_id, manager_id, emp_fname, emp_lname, dept_id, street, city, state, zip_code, phone, status, ss_number, salary, start_date, termination_date, birth_date, bene_health_ins, bene_life_ins, bene_day_care, sex) VALUES (757, 1293, 'Denis', 'Higgins', 300, '1033 Massachusetts Avenue', 'Lexington', 'MA', '02173', '6175553985', 'A', '067829311', 43700, '2011-08-24 00:00:00', null, '1989-05-12 00:00:00', 'Y', 'Y', 'N', 'F');
	INSERT INTO employee (emp_id, manager_id, emp_fname, emp_lname, dept_id, street, city, state, zip_code, phone, status, ss_number, salary, start_date, termination_date, birth_date, bene_health_ins, bene_life_ins, bene_day_care, sex) VALUES (839, 501, 'Dean', 'Marshall', 100, '44 Mount Pleasant Street', 'Belmont', 'MA', '02178', '6175553707', 'A', '034629123', 42500, '2011-10-19 00:00:00', null, '1987-05-21 00:00:00', 'Y', 'Y', 'N', 'M');
	INSERT INTO employee (emp_id, manager_id, emp_fname, emp_lname, dept_id, street, city, state, zip_code, phone, status, ss_number, salary, start_date, termination_date, birth_date, bene_health_ins, bene_life_ins, bene_day_care, sex) VALUES (856, 902, 'Samuel', 'Singer', 200, '187 Orchard Road', 'Stow', 'MA', '01775', '5085553255', 'A', '011349786', 34892, '2011-11-30 00:00:00', null, '1980-04-07 00:00:00', 'Y', 'Y', 'N', 'M');
	INSERT INTO employee (emp_id, manager_id, emp_fname, emp_lname, dept_id, street, city, state, zip_code, phone, status, ss_number, salary, start_date, termination_date, birth_date, bene_health_ins, bene_life_ins, bene_day_care, sex) VALUES (862, 501, 'John', 'Sheffield', 100, '45 Belleview Drive', 'Houston', 'TX', '77079', '7135553877', 'A', '018458291', 87900, '2011-12-14 00:00:00', null, '1976-09-25 00:00:00', 'Y', 'Y', 'Y', 'M');
	INSERT INTO employee (emp_id, manager_id, emp_fname, emp_lname, dept_id, street, city, state, zip_code, phone, status, ss_number, salary, start_date, termination_date, birth_date, bene_health_ins, bene_life_ins, bene_day_care, sex) VALUES (868, 1703, 'Felicia', 'Kuo', 500, '79 Oak Street', 'Cambridge', 'MA', '02140', '6175552385', 'A', '043592831', 28200, '2012-01-10 00:00:00', null, '1989-07-24 00:00:00', 'Y', 'Y', 'N', 'F');
	INSERT INTO employee (emp_id, manager_id, emp_fname, emp_lname, dept_id, street, city, state, zip_code, phone, status, ss_number, salary, start_date, termination_date, birth_date, bene_health_ins, bene_life_ins, bene_day_care, sex) VALUES (879, 1293, 'Kristen', 'Coe', 300, '30 Rainbow Road', 'West Roxbury', 'MA', '02132', '6175559192', 'A', '027581035', 36500, '2012-01-16 00:00:00', null, '1986-11-11 00:00:00', 'Y', 'Y', 'N', 'F');
	INSERT INTO employee (emp_id, manager_id, emp_fname, emp_lname, dept_id, street, city, state, zip_code, phone, status, ss_number, salary, start_date, termination_date, birth_date, bene_health_ins, bene_life_ins, bene_day_care, sex) VALUES (888, 1576, 'Doug', 'Charlton', 400, '57 Webster Street', 'Concord', 'MA', '01742', '5085559246', 'A', '036102935', 28300, '2012-03-10 00:00:00', null, '1987-01-23 00:00:00', 'N', 'Y', 'N', 'M');
	INSERT INTO employee (emp_id, manager_id, emp_fname, emp_lname, dept_id, street, city, state, zip_code, phone, status, ss_number, salary, start_date, termination_date, birth_date, bene_health_ins, bene_life_ins, bene_day_care, sex) VALUES (902, 1293, 'Moira', 'Kelly', 200, '12 Fountain Road', 'Gloucester', 'MA', '01930', '5085553769', 'A', '015923467', 87500, '2012-04-01 00:00:00', null, '1971-08-16 00:00:00', 'Y', 'Y', 'N', 'F');
	INSERT INTO employee (emp_id, manager_id, emp_fname, emp_lname, dept_id, street, city, state, zip_code, phone, status, ss_number, salary, start_date, termination_date, birth_date, bene_health_ins, bene_life_ins, bene_day_care, sex) VALUES (913, 902, 'Ken', 'Martel', 200, '23 Lincoln Street', 'Needham', 'MA', '02192', '6175558474', 'A', '022783569', 55700, '2012-04-16 00:00:00', null, '1964-04-23 00:00:00', 'N', 'Y', 'N', 'M');
	INSERT INTO employee (emp_id, manager_id, emp_fname, emp_lname, dept_id, street, city, state, zip_code, phone, status, ss_number, salary, start_date, termination_date, birth_date, bene_health_ins, bene_life_ins, bene_day_care, sex) VALUES (921, 703, 'Charles', 'Crowley', 500, '421 Beacon Street', 'Belmont', 'MA', '02178', '6175559425', 'A', '034568789', 41700, '2012-04-22 00:00:00', null, '1981-09-11 00:00:00', 'Y', 'Y', 'N', 'M');
	INSERT INTO employee (emp_id, manager_id, emp_fname, emp_lname, dept_id, street, city, state, zip_code, phone, status, ss_number, salary, start_date, termination_date, birth_date, bene_health_ins, bene_life_ins, bene_day_care, sex) VALUES (930, 902, 'Ann', 'Taylor', 200, '25 Westminster Street', 'Atlanta', 'GA', '30339', '4045551515', 'A', '062890293', 46890, '2012-05-08 00:00:00', null, '1983-06-06 00:00:00', 'Y', 'Y', 'Y', 'F');
	INSERT INTO employee (emp_id, manager_id, emp_fname, emp_lname, dept_id, street, city, state, zip_code, phone, status, ss_number, salary, start_date, termination_date, birth_date, bene_health_ins, bene_life_ins, bene_day_care, sex) VALUES (949, 902, 'Pamela', 'Savarino', 200, '112 Beach Street', 'Long Beach', 'CA', '90806', '3105551857', 'A', '018762936', 72300, '2012-05-08 00:00:00', null, '1976-07-28 00:00:00', 'Y', 'Y', 'N', 'F');
	INSERT INTO employee (emp_id, manager_id, emp_fname, emp_lname, dept_id, street, city, state, zip_code, phone, status, ss_number, salary, start_date, termination_date, birth_date, bene_health_ins, bene_life_ins, bene_day_care, sex) VALUES (958, 501, 'Thomas', 'Sisson', 100, '54 School Street', 'Houston', 'TX', '77079', '7135558390', 'A', '017283997', 42100, '2012-07-16 00:00:00', null, '1990-10-02 00:00:00', 'Y', 'Y', 'N', 'M');
	INSERT INTO employee (emp_id, manager_id, emp_fname, emp_lname, dept_id, street, city, state, zip_code, phone, status, ss_number, salary, start_date, termination_date, birth_date, bene_health_ins, bene_life_ins, bene_day_care, sex) VALUES (992, 1576, 'Joyce', 'Butterfield', 400, '119 Adams Street', 'Cambridge', 'MA', '02140', '6175552232', 'A', '023487085', 34011, '2012-08-13 00:00:00', null, '1981-04-15 00:00:00', 'Y', 'Y', 'N', 'F');
	INSERT INTO employee (emp_id, manager_id, emp_fname, emp_lname, dept_id, street, city, state, zip_code, phone, status, ss_number, salary, start_date, termination_date, birth_date, bene_health_ins, bene_life_ins, bene_day_care, sex) VALUES (1013, 703, 'Joseph', 'Barker', 500, '58 West Drive', 'Bedford', 'MA', '01730', '6175558021', 'A', '023470756', 27290, '2012-09-10 00:00:00', null, '1990-02-14 00:00:00', 'N', 'Y', 'N', 'M');
	INSERT INTO employee (emp_id, manager_id, emp_fname, emp_lname, dept_id, street, city, state, zip_code, phone, status, ss_number, salary, start_date, termination_date, birth_date, bene_health_ins, bene_life_ins, bene_day_care, sex) VALUES (1021, 902, 'Paul', 'Sterling', 200, '112 Endicott Street', 'Concord', 'MA', '01742', '5085550295', 'A', '037846595', 64900, '2012-10-28 00:00:00', null, '1971-02-27 00:00:00', 'Y', 'Y', 'Y', 'M');
	INSERT INTO employee (emp_id, manager_id, emp_fname, emp_lname, dept_id, street, city, state, zip_code, phone, status, ss_number, salary, start_date, termination_date, birth_date, bene_health_ins, bene_life_ins, bene_day_care, sex) VALUES (1039, 902, 'Shih Lin', 'Chao', 200, '59 Holyoke Street', 'Lexington', 'MA', '02173', '6175555921', 'A', '046973741', 33890, '2012-11-11 00:00:00', null, '1990-12-12 00:00:00', 'N', 'Y', 'Y', 'M');
	INSERT INTO employee (emp_id, manager_id, emp_fname, emp_lname, dept_id, street, city, state, zip_code, phone, status, ss_number, salary, start_date, termination_date, birth_date, bene_health_ins, bene_life_ins, bene_day_care, sex) VALUES (1062, 1576, 'Barbara', 'Blaikie', 400, '66 Beaumont Terrace', 'Needham', 'MA', '02192', '6175559345', 'A', '019887257', 54900, '2012-11-20 00:00:00', null, '1974-11-14 00:00:00', 'Y', 'Y', 'Y', 'F');
	INSERT INTO employee (emp_id, manager_id, emp_fname, emp_lname, dept_id, street, city, state, zip_code, phone, status, ss_number, salary, start_date, termination_date, birth_date, bene_health_ins, bene_life_ins, bene_day_care, sex) VALUES (1090, 501, 'Susan', 'Smith', 100, '177 Johnson Street', 'Houston', 'TX', '77079', '7135556613', 'A', '013558813', 51411, '2012-12-13 00:00:00', null, '1971-11-30 00:00:00', 'N', 'Y', 'Y', 'F');
	INSERT INTO employee (emp_id, manager_id, emp_fname, emp_lname, dept_id, street, city, state, zip_code, phone, status, ss_number, salary, start_date, termination_date, birth_date, bene_health_ins, bene_life_ins, bene_day_care, sex) VALUES (1101, 902, 'Mark', 'Preston', 200, '49 Constitution Road', 'Boston', 'MA', '02124', '6175555862', 'A', '027663454', 37803, '2013-01-09 00:00:00', null, '1987-09-14 00:00:00', 'Y', 'Y', 'N', 'M');
	INSERT INTO employee (emp_id, manager_id, emp_fname, emp_lname, dept_id, street, city, state, zip_code, phone, status, ss_number, salary, start_date, termination_date, birth_date, bene_health_ins, bene_life_ins, bene_day_care, sex) VALUES (1142, 902, 'Alison', 'Clark', 200, '56 Carver Street', 'Emeryville', 'CA', '94608', '5105559437', 'A', '055913622', 45000, '2013-01-19 00:00:00', null, '1978-05-04 00:00:00', 'N', 'Y', 'Y', 'F');
	INSERT INTO employee (emp_id, manager_id, emp_fname, emp_lname, dept_id, street, city, state, zip_code, phone, status, ss_number, salary, start_date, termination_date, birth_date, bene_health_ins, bene_life_ins, bene_day_care, sex) VALUES (1157, 501, 'Hing', 'Soo', 100, '19 Glenmeadow Street', 'Needham', 'MA', '02192', '6175558748', 'A', '023434587', 39075, '2013-01-29 00:00:00', null, '1991-03-07 00:00:00', 'Y', 'Y', 'N', 'M');
	INSERT INTO employee (emp_id, manager_id, emp_fname, emp_lname, dept_id, street, city, state, zip_code, phone, status, ss_number, salary, start_date, termination_date, birth_date, bene_health_ins, bene_life_ins, bene_day_care, sex) VALUES (1160, 902, 'Belinda', 'Jansen-Velasquez', 200, '45 Wood Street', 'Atlanta', 'GA', '30985', '4078694567', 'A', '089705939', 30500, '2017-11-11 00:00:00', null, '1988-04-01 00:00:00', 'Y', 'Y', 'N', 'F');
	INSERT INTO employee (emp_id, manager_id, emp_fname, emp_lname, dept_id, street, city, state, zip_code, phone, status, ss_number, salary, start_date, termination_date, birth_date, bene_health_ins, bene_life_ins, bene_day_care, sex) VALUES (1162, 902, 'Kevin', 'Goggin', 200, '12 Wachusett Road', 'Wellesley', 'MA', '02181', '6175553785', 'A', '075679377', 37900, '2013-02-03 00:00:00', null, '1973-04-18 00:00:00', 'Y', 'Y', 'N', 'M');
	INSERT INTO employee (emp_id, manager_id, emp_fname, emp_lname, dept_id, street, city, state, zip_code, phone, status, ss_number, salary, start_date, termination_date, birth_date, bene_health_ins, bene_life_ins, bene_day_care, sex) VALUES (1191, 1576, 'Matthew', 'Bucceri', 400, '57 Taylor Place', 'Lexington', 'MA', '02173', '6175555336', 'A', '023749270', 45900, '2013-02-12 00:00:00', null, '1965-11-19 00:00:00', 'Y', 'Y', 'N', 'M');
	INSERT INTO employee (emp_id, manager_id, emp_fname, emp_lname, dept_id, street, city, state, zip_code, phone, status, ss_number, salary, start_date, termination_date, birth_date, bene_health_ins, bene_life_ins, bene_day_care, sex) VALUES (1250, 501, 'Emilio', 'Diaz', 100, '112 Evergreen Street', 'Wellesley', 'MA', '02181', '6175553567', 'A', '023476492', 54900, '2013-02-17 00:00:00', null, '1957-01-02 00:00:00', 'Y', 'Y', 'N', 'M');
	INSERT INTO employee (emp_id, manager_id, emp_fname, emp_lname, dept_id, street, city, state, zip_code, phone, status, ss_number, salary, start_date, termination_date, birth_date, bene_health_ins, bene_life_ins, bene_day_care, sex) VALUES (1293, 1293, 'Mary Anne', 'Shea', 300, '197 Camden Road', 'Lexington', 'MA', '02173', '6175554616', 'A', '019641485', 138948, '2013-03-01 00:00:00', null, '1976-03-13 00:00:00', 'Y', 'Y', 'N', 'F');
	INSERT INTO employee (emp_id, manager_id, emp_fname, emp_lname, dept_id, street, city, state, zip_code, phone, status, ss_number, salary, start_date, termination_date, birth_date, bene_health_ins, bene_life_ins, bene_day_care, sex) VALUES (1336, 1293, 'Janet', 'Bigelow', 300, '84 Lunda Street', 'Waltham', 'MA', '02154', '6175551493', 'A', '017326112', 31200, '2014-08-25 00:00:00', null, '1971-07-21 00:00:00', 'Y', 'Y', 'Y', 'F');
	INSERT INTO employee (emp_id, manager_id, emp_fname, emp_lname, dept_id, street, city, state, zip_code, phone, status, ss_number, salary, start_date, termination_date, birth_date, bene_health_ins, bene_life_ins, bene_day_care, sex) VALUES (1340, 902, 'Belinda', 'Velasquez', 200, '45 Wood Street', 'Atlanta', 'GA', '30985', '4078694567', 'A', '089705939', 30500, '2017-11-11 00:00:00', null, '1988-04-01 00:00:00', 'Y', 'Y', 'N', 'F');
	INSERT INTO employee (emp_id, manager_id, emp_fname, emp_lname, dept_id, street, city, state, zip_code, phone, status, ss_number, salary, start_date, termination_date, birth_date, bene_health_ins, bene_life_ins, bene_day_care, sex) VALUES (1390, 1293, 'Jennifer', 'Litton', 300, '17 Downing Street', 'Concord', 'MA', '01742', '5085553495', 'A', '034786565', 58930, '2014-10-05 00:00:00', null, '1969-04-05 00:00:00', 'N', 'Y', 'N', 'F');
	INSERT INTO employee (emp_id, manager_id, emp_fname, emp_lname, dept_id, street, city, state, zip_code, phone, status, ss_number, salary, start_date, termination_date, birth_date, bene_health_ins, bene_life_ins, bene_day_care, sex) VALUES (1446, 902, 'Caroline', 'Yeung', 200, '52 Cypress Street', 'Atlanta', 'GA', '30339', '4045558347', 'A', '038475825', 32300, '2015-04-29 00:00:00', null, '1992-06-21 00:00:00', 'N', 'Y', 'N', 'F');
	INSERT INTO employee (emp_id, manager_id, emp_fname, emp_lname, dept_id, street, city, state, zip_code, phone, status, ss_number, salary, start_date, termination_date, birth_date, bene_health_ins, bene_life_ins, bene_day_care, sex) VALUES (1483, 1293, 'John', 'Letiecq', 300, '149 Vista Drive', 'Burlington', 'MA', '01803', '6175551167', 'L', '079372285', 75400, '2015-08-30 00:00:00', null, '1960-04-27 00:00:00', 'Y', 'Y', 'N', 'M');
	INSERT INTO employee (emp_id, manager_id, emp_fname, emp_lname, dept_id, street, city, state, zip_code, phone, status, ss_number, salary, start_date, termination_date, birth_date, bene_health_ins, bene_life_ins, bene_day_care, sex) VALUES (1507, 1576, 'Ruth', 'Wetherby', 400, '82 Aberdeen Road', 'Needham', 'MA', '02192', '6175555465', 'A', '035673688', 35745, '2015-10-11 00:00:00', null, '1980-07-19 00:00:00', 'Y', 'Y', 'N', 'F');
	INSERT INTO employee (emp_id, manager_id, emp_fname, emp_lname, dept_id, street, city, state, zip_code, phone, status, ss_number, salary, start_date, termination_date, birth_date, bene_health_ins, bene_life_ins, bene_day_care, sex) VALUES (1570, 703, 'Anthony', 'Rebeiro', 500, '39 Moody Street', 'Waltham', 'MA', '02154', '6175555737', 'A', '034576347', 34576, '2015-11-27 00:00:00', null, '1984-04-12 00:00:00', 'Y', 'Y', 'N', 'M');
	INSERT INTO employee (emp_id, manager_id, emp_fname, emp_lname, dept_id, street, city, state, zip_code, phone, status, ss_number, salary, start_date, termination_date, birth_date, bene_health_ins, bene_life_ins, bene_day_care, sex) VALUES (1576, 902, 'Scott', 'Evans', 400, '10-A Sunrise Circle', 'Concord', 'MA', '01742', '5085550096', 'A', '017429926', 68940, '2015-12-30 00:00:00', null, '1981-11-15 00:00:00', 'Y', 'Y', 'N', 'M');
	INSERT INTO employee (emp_id, manager_id, emp_fname, emp_lname, dept_id, street, city, state, zip_code, phone, status, ss_number, salary, start_date, termination_date, birth_date, bene_health_ins, bene_life_ins, bene_day_care, sex) VALUES (1596, 902, 'Catherine', 'Pickett', 200, '45 Appleton Road', 'Bedford', 'MA', '01730', '6175553478', 'A', '028375086', 47653, '2016-02-10 00:00:00', null, '1980-11-18 00:00:00', 'Y', 'Y', 'Y', 'F');
	INSERT INTO employee (emp_id, manager_id, emp_fname, emp_lname, dept_id, street, city, state, zip_code, phone, status, ss_number, salary, start_date, termination_date, birth_date, bene_health_ins, bene_life_ins, bene_day_care, sex) VALUES (1607, 1576, 'Mark', 'Morris', 400, '1 Example Way', 'Waltham', 'MA', '02154', '6175558344', 'A', '501787474', 61300, '2016-04-13 00:00:00', null, '1962-01-08 00:00:00', 'Y', 'Y', 'N', 'M');
	INSERT INTO employee (emp_id, manager_id, emp_fname, emp_lname, dept_id, street, city, state, zip_code, phone, status, ss_number, salary, start_date, termination_date, birth_date, bene_health_ins, bene_life_ins, bene_day_care, sex) VALUES (1615, 703, 'Sheila', 'Romero', 500, '1 Oakview Terrace', 'Bedford', 'MA', '01730', '6175558138', 'A', '501175874', 27500, '2016-05-20 00:00:00', null, '1993-09-12 00:00:00', 'Y', 'Y', 'Y', 'F');
	INSERT INTO employee (emp_id, manager_id, emp_fname, emp_lname, dept_id, street, city, state, zip_code, phone, status, ss_number, salary, start_date, termination_date, birth_date, bene_health_ins, bene_life_ins, bene_day_care, sex) VALUES (1643, 1576, 'Elizabeth', 'Lambert', 400, '29 Union Street', 'Burlington', 'MA', '01803', '6175552357', 'A', '023857807', 29384, '2016-06-15 00:00:00', null, '1989-09-12 00:00:00', 'Y', 'Y', 'N', 'F');
	INSERT INTO employee (emp_id, manager_id, emp_fname, emp_lname, dept_id, street, city, state, zip_code, phone, status, ss_number, salary, start_date, termination_date, birth_date, bene_health_ins, bene_life_ins, bene_day_care, sex) VALUES (1658, 703, 'Michael', 'Lynch', 500, '76 Brookside Road', 'Waltham', 'MA', '02154', '6175558348', 'A', '023850840', 24903, '2016-08-28 00:00:00', null, '1994-01-18 00:00:00', 'Y', 'Y', 'N', 'M');
	INSERT INTO employee (emp_id, manager_id, emp_fname, emp_lname, dept_id, street, city, state, zip_code, phone, status, ss_number, salary, start_date, termination_date, birth_date, bene_health_ins, bene_life_ins, bene_day_care, sex) VALUES (1684, 1576, 'Janet', 'Hildebrand', 400, '47 Hilltop Street', 'Waltham', 'MA', '02154', '6175553845', 'A', '038957036', 45829, '2016-09-13 00:00:00', null, '1976-10-31 00:00:00', 'Y', 'Y', 'N', 'F');
	INSERT INTO employee (emp_id, manager_id, emp_fname, emp_lname, dept_id, street, city, state, zip_code, phone, status, ss_number, salary, start_date, termination_date, birth_date, bene_health_ins, bene_life_ins, bene_day_care, sex) VALUES (1740, 1576, 'Robert', 'Nielsen', 400, '55 Sargent Avenue', 'Bedford', 'MA', '01730', '6175558757', 'A', '037534650', 34889, '2016-12-23 00:00:00', null, '1986-06-19 00:00:00', 'Y', 'Y', 'N', 'M');
	INSERT INTO employee (emp_id, manager_id, emp_fname, emp_lname, dept_id, street, city, state, zip_code, phone, status, ss_number, salary, start_date, termination_date, birth_date, bene_health_ins, bene_life_ins, bene_day_care, sex) VALUES (1751, 1576, 'Alex', 'Ahmed', 400, '114 Cushing Street', 'Needham', 'MA', '02192', '6175558748', 'A', '032547384', 34992, '2017-01-10 00:00:00', null, '1984-12-12 00:00:00', 'Y', 'Y', 'N', 'M');
	INSERT INTO employee (emp_id, manager_id, emp_fname, emp_lname, dept_id, street, city, state, zip_code, phone, status, ss_number, salary, start_date, termination_date, birth_date, bene_health_ins, bene_life_ins, bene_day_care, sex) VALUES (1800, 1576, 'Theo', 'Bakker', null, '76 Example way', 'Waltham', 'MA', '02156', null, 'A', '050897864', 32900, '2017-05-11 00:00:00', null, '1987-11-11 00:00:00', 'Y', 'Y', 'N', 'M');
	

   
   
	INSERT INTO fin_code (code, type, description) VALUES ('e1', 'expense', 'Fees');
	INSERT INTO fin_code (code, type, description) VALUES ('e2', 'expense', 'Services');
	INSERT INTO fin_code (code, type, description) VALUES ('e3', 'expense', 'Sales & Marketing');
	INSERT INTO fin_code (code, type, description) VALUES ('e4', 'expense', 'R & D');
	INSERT INTO fin_code (code, type, description) VALUES ('e5', 'expense', 'Administration');
	INSERT INTO fin_code (code, type, description) VALUES ('r1', 'revenue', 'Fees');
	INSERT INTO fin_code (code, type, description) VALUES ('r2', 'revenue', 'Services');
   
   
   
	INSERT INTO product (id, name, description, prod_size, color, quantity, unit_price, picture_name, category) VALUES (300, 'Tee Shirt', 'Tank Top', 'Small', 'White', 18, 9, 'tshirtw.bmp', 'c');
	INSERT INTO product (id, name, description, prod_size, color, quantity, unit_price, picture_name, category) VALUES (301, 'Tee Shirt', 'V-neck', 'Medium', 'Orange', 39, 14, 'tshirto.bmp', 'c');
	INSERT INTO product (id, name, description, prod_size, color, quantity, unit_price, picture_name, category) VALUES (302, 'Tee Shirt', 'Crew Neck', 'Medium', 'Black', 72, 14, 'tshirtb.bmp', 'c');
	INSERT INTO product (id, name, description, prod_size, color, quantity, unit_price, picture_name, category) VALUES (400, 'Sunglasses', 'Cotton Cap', null, 'Black', 92, 9, 'capb.bmp', 'a');
	INSERT INTO product (id, name, description, prod_size, color, quantity, unit_price, picture_name, category) VALUES (401, 'Baseball Cap', 'Wool cap', null, 'White', 12, 10, 'capw.bmp', 'a');
	INSERT INTO product (id, name, description, prod_size, color, quantity, unit_price, picture_name, category) VALUES (500, 'Visor', 'Cloth Visor', null, 'White', 36, 7, 'visorw.bmp', 'a');
	INSERT INTO product (id, name, description, prod_size, color, quantity, unit_price, picture_name, category) VALUES (501, 'Visor', 'Plastic Visor', null, 'Black', 28, 7, 'visorb.bmp', 'a');
	INSERT INTO product (id, name, description, prod_size, color, quantity, unit_price, picture_name, category) VALUES (600, 'Sweatshirt', 'Hooded Sweatshirt', 'Large', 'Green', 39, 24, 'sshirtg.bmp', 'c');
	INSERT INTO product (id, name, description, prod_size, color, quantity, unit_price, picture_name, category) VALUES (601, 'Sweatshirt', 'Zipped Sweatshirt', 'Large', 'Blue', 32, 24, 'sshirtb.bmp', 'c');
	INSERT INTO product (id, name, description, prod_size, color, quantity, unit_price, picture_name, category) VALUES (700, 'Shorts', 'Cotton Shorts', 'Medium', 'Black', 80, 15, 'shortsb.bmp', 'c');
   
	INSERT INTO sales_order (id, cust_id, order_date, fin_code_id, region, sales_rep) VALUES (2001, 101, '2019-09-14 00:00:00', 'r1', 'Eastern', 299);
	INSERT INTO sales_order (id, cust_id, order_date, fin_code_id, region, sales_rep) VALUES (2002, 102, '2019-09-18 00:00:00', 'r1', 'Eastern', 467);
	INSERT INTO sales_order (id, cust_id, order_date, fin_code_id, region, sales_rep) VALUES (2003, 103, '2019-09-21 00:00:00', 'r1', 'Eastern', 949);
	INSERT INTO sales_order (id, cust_id, order_date, fin_code_id, region, sales_rep) VALUES (2004, 104, '2019-09-23 00:00:00', 'r1', 'South', 902);
	INSERT INTO sales_order (id, cust_id, order_date, fin_code_id, region, sales_rep) VALUES (2005, 101, '2020-09-24 00:00:00', 'r1', 'Eastern', 856);
	INSERT INTO sales_order (id, cust_id, order_date, fin_code_id, region, sales_rep) VALUES (2006, 105, '2020-09-28 00:00:00', 'r1', 'Central', 299);
	INSERT INTO sales_order (id, cust_id, order_date, fin_code_id, region, sales_rep) VALUES (2007, 106, '2020-09-28 00:00:00', 'r1', 'Eastern', 667);
	INSERT INTO sales_order (id, cust_id, order_date, fin_code_id, region, sales_rep) VALUES (2008, 107, '2020-10-01 00:00:00', 'r1', 'South', 129);
	INSERT INTO sales_order (id, cust_id, order_date, fin_code_id, region, sales_rep) VALUES (2009, 108, '2020-10-04 00:00:00', 'r1', 'South', 1142);
	INSERT INTO sales_order (id, cust_id, order_date, fin_code_id, region, sales_rep) VALUES (2010, 109, '2020-10-05 00:00:00', 'r1', 'Canada', 195);
	INSERT INTO sales_order (id, cust_id, order_date, fin_code_id, region, sales_rep) VALUES (2011, 110, '2020-10-06 00:00:00', 'r1', 'Central', 690);
	INSERT INTO sales_order (id, cust_id, order_date, fin_code_id, region, sales_rep) VALUES (2012, 111, '2020-10-06 00:00:00', 'r1', 'Eastern', 1596);
	INSERT INTO sales_order (id, cust_id, order_date, fin_code_id, region, sales_rep) VALUES (2013, 112, '2020-10-06 00:00:00', 'r1', 'Central', 299);
	INSERT INTO sales_order (id, cust_id, order_date, fin_code_id, region, sales_rep) VALUES (2014, 113, '2020-10-07 00:00:00', 'r1', 'Central', 467);
	INSERT INTO sales_order (id, cust_id, order_date, fin_code_id, region, sales_rep) VALUES (2015, 114, '2020-09-30 00:00:00', 'r1', 'Central', 949);
	INSERT INTO sales_order (id, cust_id, order_date, fin_code_id, region, sales_rep) VALUES (2016, 115, '2019-10-01 00:00:00', 'r1', 'Central', 902);
	INSERT INTO sales_order (id, cust_id, order_date, fin_code_id, region, sales_rep) VALUES (2017, 116, '2020-10-01 00:00:00', 'r1', 'Eastern', 856);
	INSERT INTO sales_order (id, cust_id, order_date, fin_code_id, region, sales_rep) VALUES (2018, 117, '2020-09-07 00:00:00', 'r1', 'Central', 299);
	INSERT INTO sales_order (id, cust_id, order_date, fin_code_id, region, sales_rep) VALUES (2019, 118, '2019-08-13 00:00:00', 'r1', 'South', 667);
	INSERT INTO sales_order (id, cust_id, order_date, fin_code_id, region, sales_rep) VALUES (2020, 119, '2020-09-02 00:00:00', 'r1', 'Western', 129);
	INSERT INTO sales_order (id, cust_id, order_date, fin_code_id, region, sales_rep) VALUES (2021, 120, '2020-10-08 00:00:00', 'r1', 'Eastern', 1142);
	INSERT INTO sales_order (id, cust_id, order_date, fin_code_id, region, sales_rep) VALUES (2022, 121, '2020-11-04 00:00:00', 'r1', 'Central', 195);
	INSERT INTO sales_order (id, cust_id, order_date, fin_code_id, region, sales_rep) VALUES (2023, 122, '2020-12-03 00:00:00', 'r1', 'Eastern', 690);
	INSERT INTO sales_order (id, cust_id, order_date, fin_code_id, region, sales_rep) VALUES (2024, 123, '2021-01-11 00:00:00', 'r1', 'Canada', 1596);
	INSERT INTO sales_order (id, cust_id, order_date, fin_code_id, region, sales_rep) VALUES (2025, 124, '2020-11-01 00:00:00', 'r1', 'Eastern', 299);
	INSERT INTO sales_order (id, cust_id, order_date, fin_code_id, region, sales_rep) VALUES (2026, 125, '2020-08-04 00:00:00', 'r1', 'Central', 467);
	INSERT INTO sales_order (id, cust_id, order_date, fin_code_id, region, sales_rep) VALUES (2027, 126, '2020-12-13 00:00:00', 'r1', 'Western', 949);
	INSERT INTO sales_order (id, cust_id, order_date, fin_code_id, region, sales_rep) VALUES (2028, 127, '2019-12-30 00:00:00', 'r1', 'South', 902);
	INSERT INTO sales_order (id, cust_id, order_date, fin_code_id, region, sales_rep) VALUES (2029, 128, '2019-12-11 00:00:00', 'r1', 'Eastern', 856);
	INSERT INTO sales_order (id, cust_id, order_date, fin_code_id, region, sales_rep) VALUES (2030, 129, '2020-10-06 00:00:00', 'r1', 'Eastern', 299);
	INSERT INTO sales_order (id, cust_id, order_date, fin_code_id, region, sales_rep) VALUES (2031, 130, '2019-11-27 00:00:00', 'r1', 'Central', 667);
	INSERT INTO sales_order (id, cust_id, order_date, fin_code_id, region, sales_rep) VALUES (2032, 131, '2021-01-03 00:00:00', 'r1', 'Eastern', 129);
	INSERT INTO sales_order (id, cust_id, order_date, fin_code_id, region, sales_rep) VALUES (2033, 132, '2019-08-14 00:00:00', 'r1', 'Central', 1142);
	INSERT INTO sales_order (id, cust_id, order_date, fin_code_id, region, sales_rep) VALUES (2035, 134, '2020-10-29 00:00:00', 'r1', 'Central', 690);
	INSERT INTO sales_order (id, cust_id, order_date, fin_code_id, region, sales_rep) VALUES (2036, 135, '2020-07-06 00:00:00', 'r1', 'Eastern', 1596);
	INSERT INTO sales_order (id, cust_id, order_date, fin_code_id, region, sales_rep) VALUES (2037, 136, '2019-07-24 00:00:00', 'r1', 'Central', 299);
	INSERT INTO sales_order (id, cust_id, order_date, fin_code_id, region, sales_rep) VALUES (2038, 137, '2020-08-02 00:00:00', 'r1', 'Central', 467);
	INSERT INTO sales_order (id, cust_id, order_date, fin_code_id, region, sales_rep) VALUES (2039, 138, '2019-08-31 00:00:00', 'r1', 'Central', 949);
	INSERT INTO sales_order (id, cust_id, order_date, fin_code_id, region, sales_rep) VALUES (2040, 139, '2020-10-26 00:00:00', 'r1', 'Eastern', 902);
	INSERT INTO sales_order (id, cust_id, order_date, fin_code_id, region, sales_rep) VALUES (2041, 140, '2020-11-01 00:00:00', 'r1', 'Central', 856);
	INSERT INTO sales_order (id, cust_id, order_date, fin_code_id, region, sales_rep) VALUES (2042, 141, '2020-08-27 00:00:00', 'r1', 'Central', 299);
	INSERT INTO sales_order (id, cust_id, order_date, fin_code_id, region, sales_rep) VALUES (2043, 142, '2020-09-13 00:00:00', 'r1', 'Central', 667);
	INSERT INTO sales_order (id, cust_id, order_date, fin_code_id, region, sales_rep) VALUES (2044, 143, '2020-01-13 00:00:00', 'r1', 'Canada', 129);
	INSERT INTO sales_order (id, cust_id, order_date, fin_code_id, region, sales_rep) VALUES (2045, 144, '2019-12-31 00:00:00', 'r1', 'Eastern', 1142);
	INSERT INTO sales_order (id, cust_id, order_date, fin_code_id, region, sales_rep) VALUES (2046, 145, '2020-08-03 00:00:00', 'r1', 'Eastern', 195);
	INSERT INTO sales_order (id, cust_id, order_date, fin_code_id, region, sales_rep) VALUES (2047, 146, '2020-09-08 00:00:00', 'r1', 'Western', 690);
	INSERT INTO sales_order (id, cust_id, order_date, fin_code_id, region, sales_rep) VALUES (2048, 147, '2020-09-07 00:00:00', 'r1', 'Eastern', 1596);
	INSERT INTO sales_order (id, cust_id, order_date, fin_code_id, region, sales_rep) VALUES (2049, 148, '2020-08-18 00:00:00', 'r1', 'Canada', 299);
	INSERT INTO sales_order (id, cust_id, order_date, fin_code_id, region, sales_rep) VALUES (2050, 149, '2020-08-27 00:00:00', 'r1', 'Canada', 467);
	INSERT INTO sales_order (id, cust_id, order_date, fin_code_id, region, sales_rep) VALUES (2051, 150, '2019-11-13 00:00:00', 'r1', 'Canada', 949);
	INSERT INTO sales_order (id, cust_id, order_date, fin_code_id, region, sales_rep) VALUES (2052, 151, '2020-12-31 00:00:00', 'r1', 'Central', 902);
	INSERT INTO sales_order (id, cust_id, order_date, fin_code_id, region, sales_rep) VALUES (2053, 152, '2020-12-29 00:00:00', 'r1', 'Eastern', 856);
	INSERT INTO sales_order (id, cust_id, order_date, fin_code_id, region, sales_rep) VALUES (2054, 153, '2020-11-29 00:00:00', 'r1', 'Central', 299);
	INSERT INTO sales_order (id, cust_id, order_date, fin_code_id, region, sales_rep) VALUES (2055, 154, '2020-09-29 00:00:00', 'r1', 'South', 667);
	INSERT INTO sales_order (id, cust_id, order_date, fin_code_id, region, sales_rep) VALUES (2056, 155, '2020-10-14 00:00:00', 'r1', 'Central', 129);
	INSERT INTO sales_order (id, cust_id, order_date, fin_code_id, region, sales_rep) VALUES (2057, 156, '2020-09-20 00:00:00', 'r1', 'Central', 1142);
	INSERT INTO sales_order (id, cust_id, order_date, fin_code_id, region, sales_rep) VALUES (2058, 157, '2020-10-06 00:00:00', 'r1', 'Central', 195);
	INSERT INTO sales_order (id, cust_id, order_date, fin_code_id, region, sales_rep) VALUES (2059, 158, '2020-10-05 00:00:00', 'r1', 'Eastern', 690);
	INSERT INTO sales_order (id, cust_id, order_date, fin_code_id, region, sales_rep) VALUES (2060, 159, '2020-11-01 00:00:00', 'r1', 'Central', 1596);
	INSERT INTO sales_order (id, cust_id, order_date, fin_code_id, region, sales_rep) VALUES (2061, 160, '2020-01-18 00:00:00', 'r1', 'Eastern', 299);
	INSERT INTO sales_order (id, cust_id, order_date, fin_code_id, region, sales_rep) VALUES (2062, 161, '2020-12-14 00:00:00', 'r1', 'Eastern', 467);
	INSERT INTO sales_order (id, cust_id, order_date, fin_code_id, region, sales_rep) VALUES (2063, 162, '2020-12-20 00:00:00', 'r1', 'Central', 949);
	INSERT INTO sales_order (id, cust_id, order_date, fin_code_id, region, sales_rep) VALUES (2064, 163, '2020-10-29 00:00:00', 'r1', 'Canada', 902);
	INSERT INTO sales_order (id, cust_id, order_date, fin_code_id, region, sales_rep) VALUES (2065, 164, '2019-07-04 00:00:00', 'r1', 'Eastern', 856);
	INSERT INTO sales_order (id, cust_id, order_date, fin_code_id, region, sales_rep) VALUES (2067, 166, '2020-10-22 00:00:00', 'r1', 'South', 667);
	INSERT INTO sales_order (id, cust_id, order_date, fin_code_id, region, sales_rep) VALUES (2068, 167, '2020-11-01 00:00:00', 'r1', 'Central', 129);
	INSERT INTO sales_order (id, cust_id, order_date, fin_code_id, region, sales_rep) VALUES (2069, 168, '2020-08-16 00:00:00', 'r1', 'Western', 1142);
	INSERT INTO sales_order (id, cust_id, order_date, fin_code_id, region, sales_rep) VALUES (2070, 169, '2019-08-31 00:00:00', 'r1', 'South', 195);
	INSERT INTO sales_order (id, cust_id, order_date, fin_code_id, region, sales_rep) VALUES (2071, 170, '2020-11-22 00:00:00', 'r1', 'South', 299);
	INSERT INTO sales_order (id, cust_id, order_date, fin_code_id, region, sales_rep) VALUES (2072, 171, '2020-11-15 00:00:00', 'r1', 'Central', 690);
	INSERT INTO sales_order (id, cust_id, order_date, fin_code_id, region, sales_rep) VALUES (2073, 172, '2020-11-29 00:00:00', 'r1', 'Eastern', 1596);
	INSERT INTO sales_order (id, cust_id, order_date, fin_code_id, region, sales_rep) VALUES (2074, 173, '2021-01-20 00:00:00', 'r1', 'Eastern', 299);
	INSERT INTO sales_order (id, cust_id, order_date, fin_code_id, region, sales_rep) VALUES (2075, 174, '2020-08-17 00:00:00', 'r1', 'Central', 467);
	INSERT INTO sales_order (id, cust_id, order_date, fin_code_id, region, sales_rep) VALUES (2076, 175, '2020-09-16 00:00:00', 'r1', 'Canada', 949);
	INSERT INTO sales_order (id, cust_id, order_date, fin_code_id, region, sales_rep) VALUES (2077, 176, '2020-10-06 00:00:00', 'r1', 'Eastern', 902);
	INSERT INTO sales_order (id, cust_id, order_date, fin_code_id, region, sales_rep) VALUES (2078, 177, '2020-11-01 00:00:00', 'r1', 'South', 856);
	INSERT INTO sales_order (id, cust_id, order_date, fin_code_id, region, sales_rep) VALUES (2079, 178, '2020-10-01 00:00:00', 'r1', 'Eastern', 299);
	INSERT INTO sales_order (id, cust_id, order_date, fin_code_id, region, sales_rep) VALUES (2080, 179, '2020-11-01 00:00:00', 'r1', 'South', 667);
	INSERT INTO sales_order (id, cust_id, order_date, fin_code_id, region, sales_rep) VALUES (2081, 180, '2019-12-02 00:00:00', 'r1', 'Eastern', 129);
	INSERT INTO sales_order (id, cust_id, order_date, fin_code_id, region, sales_rep) VALUES (2082, 181, '2020-12-31 00:00:00', 'r1', 'Eastern', 1142);
	INSERT INTO sales_order (id, cust_id, order_date, fin_code_id, region, sales_rep) VALUES (2083, 182, '2019-07-14 00:00:00', 'r1', 'Western', 195);
	INSERT INTO sales_order (id, cust_id, order_date, fin_code_id, region, sales_rep) VALUES (2084, 183, '2020-08-13 00:00:00', 'r1', 'South', 690);
	INSERT INTO sales_order (id, cust_id, order_date, fin_code_id, region, sales_rep) VALUES (2085, 184, '2019-09-10 00:00:00', 'r1', 'Central', 1596);
	INSERT INTO sales_order (id, cust_id, order_date, fin_code_id, region, sales_rep) VALUES (2086, 185, '2020-10-11 00:00:00', 'r1', 'Eastern', 299);
	INSERT INTO sales_order (id, cust_id, order_date, fin_code_id, region, sales_rep) VALUES (2087, 186, '2020-11-10 00:00:00', 'r1', 'Central', 467);
	INSERT INTO sales_order (id, cust_id, order_date, fin_code_id, region, sales_rep) VALUES (2089, 187, '2020-12-10 00:00:00', 'r1', 'Central', 949);
	INSERT INTO sales_order (id, cust_id, order_date, fin_code_id, region, sales_rep) VALUES (2090, 188, '2021-01-10 00:00:00', 'r1', 'Central', 902);
	INSERT INTO sales_order (id, cust_id, order_date, fin_code_id, region, sales_rep) VALUES (2091, 189, '2020-12-30 00:00:00', 'r1', 'Eastern', 856);
	INSERT INTO sales_order (id, cust_id, order_date, fin_code_id, region, sales_rep) VALUES (2092, 190, '2020-07-13 00:00:00', 'r1', 'Central', 667);
	INSERT INTO sales_order (id, cust_id, order_date, fin_code_id, region, sales_rep) VALUES (2093, 191, '2019-08-14 00:00:00', 'r1', 'South', 129);
	INSERT INTO sales_order (id, cust_id, order_date, fin_code_id, region, sales_rep) VALUES (2094, 192, '2020-09-13 00:00:00', 'r1', 'Central', 1142);
	INSERT INTO sales_order (id, cust_id, order_date, fin_code_id, region, sales_rep) VALUES (2095, 193, '2020-10-14 00:00:00', 'r1', 'Central', 195);
	INSERT INTO sales_order (id, cust_id, order_date, fin_code_id, region, sales_rep) VALUES (2096, 194, '2020-11-15 00:00:00', 'r1', 'Eastern', 690);
	INSERT INTO sales_order (id, cust_id, order_date, fin_code_id, region, sales_rep) VALUES (2097, 195, '2019-12-16 00:00:00', 'r1', 'South', 1596);
	INSERT INTO sales_order (id, cust_id, order_date, fin_code_id, region, sales_rep) VALUES (2098, 196, '2021-01-17 00:00:00', 'r1', 'Canada', 299);
	INSERT INTO sales_order (id, cust_id, order_date, fin_code_id, region, sales_rep) VALUES (2099, 197, '2019-07-18 00:00:00', 'r1', 'South', 467);
	INSERT INTO sales_order (id, cust_id, order_date, fin_code_id, region, sales_rep) VALUES (2100, 198, '2020-08-20 00:00:00', 'r1', 'Western', 949);
	INSERT INTO sales_order (id, cust_id, order_date, fin_code_id, region, sales_rep) VALUES (2101, 198, '2019-09-18 00:00:00', 'r1', 'Western', 902);
	INSERT INTO sales_order (id, cust_id, order_date, fin_code_id, region, sales_rep) VALUES (2102, 199, '2020-10-21 00:00:00', 'r1', 'Eastern', 856);
	INSERT INTO sales_order (id, cust_id, order_date, fin_code_id, region, sales_rep) VALUES (2103, 200, '2020-11-22 00:00:00', 'r1', 'Eastern', 299);
	INSERT INTO sales_order (id, cust_id, order_date, fin_code_id, region, sales_rep) VALUES (2104, 201, '2019-12-23 00:00:00', 'r1', 'Central', 667);
	INSERT INTO sales_order (id, cust_id, order_date, fin_code_id, region, sales_rep) VALUES (2105, 202, '2021-01-21 00:00:00', 'r1', 'Eastern', 129);
	INSERT INTO sales_order (id, cust_id, order_date, fin_code_id, region, sales_rep) VALUES (2106, 203, '2020-07-06 00:00:00', 'r1', 'Central', 1142);
	INSERT INTO sales_order (id, cust_id, order_date, fin_code_id, region, sales_rep) VALUES (2107, 204, '2019-08-07 00:00:00', 'r1', 'Central', 195);
	INSERT INTO sales_order (id, cust_id, order_date, fin_code_id, region, sales_rep) VALUES (2109, 206, '2019-10-07 00:00:00', 'r1', 'Eastern', 1596);
	INSERT INTO sales_order (id, cust_id, order_date, fin_code_id, region, sales_rep) VALUES (2110, 207, '2020-11-05 00:00:00', 'r1', 'Central', 299);
	INSERT INTO sales_order (id, cust_id, order_date, fin_code_id, region, sales_rep) VALUES (2111, 208, '2020-12-09 00:00:00', 'r1', 'Eastern', 467);
	INSERT INTO sales_order (id, cust_id, order_date, fin_code_id, region, sales_rep) VALUES (2112, 165, '2020-07-12 00:00:00', 'r1', 'Central', 299);
	INSERT INTO sales_order (id, cust_id, order_date, fin_code_id, region, sales_rep) VALUES (2113, 209, '2020-07-13 00:00:00', 'r1', 'Western', 902);
	INSERT INTO sales_order (id, cust_id, order_date, fin_code_id, region, sales_rep) VALUES (2114, 206, '2020-08-13 00:00:00', 'r1', 'Eastern', 856);
	INSERT INTO sales_order (id, cust_id, order_date, fin_code_id, region, sales_rep) VALUES (2115, 201, '2019-09-14 00:00:00', 'r1', 'Central', 667);
	INSERT INTO sales_order (id, cust_id, order_date, fin_code_id, region, sales_rep) VALUES (2116, 209, '2020-10-14 00:00:00', 'r1', 'Western', 1142);
	INSERT INTO sales_order (id, cust_id, order_date, fin_code_id, region, sales_rep) VALUES (2117, 204, '2019-11-13 00:00:00', 'r1', 'Central', 195);
	INSERT INTO sales_order (id, cust_id, order_date, fin_code_id, region, sales_rep) VALUES (2118, 147, '2020-12-16 00:00:00', 'r1', 'Eastern', 690);
	INSERT INTO sales_order (id, cust_id, order_date, fin_code_id, region, sales_rep) VALUES (2119, 168, '2021-01-17 00:00:00', 'r1', 'Western', 1596);
	INSERT INTO sales_order (id, cust_id, order_date, fin_code_id, region, sales_rep) VALUES (2120, 110, '2020-07-20 00:00:00', 'r1', 'Central', 299);
	INSERT INTO sales_order (id, cust_id, order_date, fin_code_id, region, sales_rep) VALUES (2121, 189, '2019-08-21 00:00:00', 'r1', 'Eastern', 467);
	INSERT INTO sales_order (id, cust_id, order_date, fin_code_id, region, sales_rep) VALUES (2122, 132, '2020-09-20 00:00:00', 'r1', 'Central', 949);
	INSERT INTO sales_order (id, cust_id, order_date, fin_code_id, region, sales_rep) VALUES (2123, 175, '2020-10-21 00:00:00', 'r1', 'Canada', 902);
	INSERT INTO sales_order (id, cust_id, order_date, fin_code_id, region, sales_rep) VALUES (2124, 134, '2019-11-23 00:00:00', 'r1', 'Central', 856);
	INSERT INTO sales_order (id, cust_id, order_date, fin_code_id, region, sales_rep) VALUES (2125, 101, '2020-12-23 00:00:00', 'r1', 'Eastern', 299);
	INSERT INTO sales_order (id, cust_id, order_date, fin_code_id, region, sales_rep) VALUES (2126, 136, '2019-07-04 00:00:00', 'r1', 'Central', 299);
	INSERT INTO sales_order (id, cust_id, order_date, fin_code_id, region, sales_rep) VALUES (2127, 142, '2019-07-07 00:00:00', 'r1', 'Central', 467);
	INSERT INTO sales_order (id, cust_id, order_date, fin_code_id, region, sales_rep) VALUES (2128, 155, '2019-07-29 00:00:00', 'r1', 'Central', 467);
	INSERT INTO sales_order (id, cust_id, order_date, fin_code_id, region, sales_rep) VALUES (2129, 166, '2019-07-08 00:00:00', 'r1', 'South', 949);
	INSERT INTO sales_order (id, cust_id, order_date, fin_code_id, region, sales_rep) VALUES (2130, 146, '2019-07-18 00:00:00', 'r1', 'Western', 902);
	INSERT INTO sales_order (id, cust_id, order_date, fin_code_id, region, sales_rep) VALUES (2131, 128, '2019-07-03 00:00:00', 'r1', 'Eastern', 856);
	INSERT INTO sales_order (id, cust_id, order_date, fin_code_id, region, sales_rep) VALUES (2132, 110, '2019-07-09 00:00:00', 'r1', 'Central', 299);
	INSERT INTO sales_order (id, cust_id, order_date, fin_code_id, region, sales_rep) VALUES (2133, 167, '2019-07-11 00:00:00', 'r1', 'Central', 667);
	INSERT INTO sales_order (id, cust_id, order_date, fin_code_id, region, sales_rep) VALUES (2134, 168, '2019-07-15 00:00:00', 'r1', 'Western', 129);
	INSERT INTO sales_order (id, cust_id, order_date, fin_code_id, region, sales_rep) VALUES (2135, 205, '2019-07-07 00:00:00', 'r1', 'Eastern', 1142);
	INSERT INTO sales_order (id, cust_id, order_date, fin_code_id, region, sales_rep) VALUES (2136, 188, '2019-07-10 00:00:00', 'r1', 'Central', 195);
	INSERT INTO sales_order (id, cust_id, order_date, fin_code_id, region, sales_rep) VALUES (2137, 170, '2019-07-15 00:00:00', 'r1', 'South', 690);
	INSERT INTO sales_order (id, cust_id, order_date, fin_code_id, region, sales_rep) VALUES (2138, 198, '2019-07-17 00:00:00', 'r1', 'Western', 1596);
	INSERT INTO sales_order (id, cust_id, order_date, fin_code_id, region, sales_rep) VALUES (2139, 203, '2019-07-18 00:00:00', 'r1', 'Central', 299);
	INSERT INTO sales_order (id, cust_id, order_date, fin_code_id, region, sales_rep) VALUES (2140, 209, '2019-07-21 00:00:00', 'r1', 'Western', 467);
	INSERT INTO sales_order (id, cust_id, order_date, fin_code_id, region, sales_rep) VALUES (2141, 166, '2019-07-22 00:00:00', 'r1', 'South', 949);
	INSERT INTO sales_order (id, cust_id, order_date, fin_code_id, region, sales_rep) VALUES (2142, 102, '2019-07-23 00:00:00', 'r1', 'Eastern', 902);
	INSERT INTO sales_order (id, cust_id, order_date, fin_code_id, region, sales_rep) VALUES (2143, 115, '2019-07-24 00:00:00', 'r1', 'Central', 856);
	INSERT INTO sales_order (id, cust_id, order_date, fin_code_id, region, sales_rep) VALUES (2144, 110, '2019-07-25 00:00:00', 'r1', 'Central', 299);
	INSERT INTO sales_order (id, cust_id, order_date, fin_code_id, region, sales_rep) VALUES (2145, 135, '2019-07-28 00:00:00', 'r1', 'Eastern', 667);
	INSERT INTO sales_order (id, cust_id, order_date, fin_code_id, region, sales_rep) VALUES (2146, 189, '2019-07-29 00:00:00', 'r1', 'Eastern', 129);
	INSERT INTO sales_order (id, cust_id, order_date, fin_code_id, region, sales_rep) VALUES (2147, 200, '2019-07-30 00:00:00', 'r1', 'Eastern', 1142);
	INSERT INTO sales_order (id, cust_id, order_date, fin_code_id, region, sales_rep) VALUES (2148, 199, '2019-07-31 00:00:00', 'r1', 'Eastern', 195);
	INSERT INTO sales_order (id, cust_id, order_date, fin_code_id, region, sales_rep) VALUES (2149, 190, '2019-08-01 00:00:00', 'r1', 'Central', 690);
	INSERT INTO sales_order (id, cust_id, order_date, fin_code_id, region, sales_rep) VALUES (2150, 169, '2019-08-04 00:00:00', 'r1', 'South', 1596);
	INSERT INTO sales_order (id, cust_id, order_date, fin_code_id, region, sales_rep) VALUES (2151, 144, '2019-08-05 00:00:00', 'r1', 'Eastern', 299);
	INSERT INTO sales_order (id, cust_id, order_date, fin_code_id, region, sales_rep) VALUES (2152, 132, '2019-08-06 00:00:00', 'r1', 'Central', 467);
	INSERT INTO sales_order (id, cust_id, order_date, fin_code_id, region, sales_rep) VALUES (2153, 111, '2019-08-07 00:00:00', 'r1', 'Eastern', 949);
	INSERT INTO sales_order (id, cust_id, order_date, fin_code_id, region, sales_rep) VALUES (2154, 122, '2019-08-08 00:00:00', 'r1', 'Eastern', 902);
	INSERT INTO sales_order (id, cust_id, order_date, fin_code_id, region, sales_rep) VALUES (2155, 143, '2019-08-11 00:00:00', 'r1', 'Canada', 856);
	INSERT INTO sales_order (id, cust_id, order_date, fin_code_id, region, sales_rep) VALUES (2156, 157, '2019-08-12 00:00:00', 'r1', 'Central', 299);
	INSERT INTO sales_order (id, cust_id, order_date, fin_code_id, region, sales_rep) VALUES (2157, 168, '2019-08-13 00:00:00', 'r1', 'Western', 129);
	INSERT INTO sales_order (id, cust_id, order_date, fin_code_id, region, sales_rep) VALUES (2158, 179, '2019-08-14 00:00:00', 'r1', 'South', 1142);
	INSERT INTO sales_order (id, cust_id, order_date, fin_code_id, region, sales_rep) VALUES (2159, 181, '2019-08-15 00:00:00', 'r1', 'Eastern', 195);
	INSERT INTO sales_order (id, cust_id, order_date, fin_code_id, region, sales_rep) VALUES (2160, 183, '2019-08-15 00:00:00', 'r1', 'South', 195);
	INSERT INTO sales_order (id, cust_id, order_date, fin_code_id, region, sales_rep) VALUES (2161, 199, '2019-08-18 00:00:00', 'r1', 'Eastern', 690);
	INSERT INTO sales_order (id, cust_id, order_date, fin_code_id, region, sales_rep) VALUES (2162, 202, '2019-08-19 00:00:00', 'r1', 'Eastern', 1596);
	INSERT INTO sales_order (id, cust_id, order_date, fin_code_id, region, sales_rep) VALUES (2163, 204, '2019-08-20 00:00:00', 'r1', 'Central', 299);
	INSERT INTO sales_order (id, cust_id, order_date, fin_code_id, region, sales_rep) VALUES (2164, 206, '2019-08-21 00:00:00', 'r1', 'Eastern', 467);
	INSERT INTO sales_order (id, cust_id, order_date, fin_code_id, region, sales_rep) VALUES (2165, 104, '2019-08-22 00:00:00', 'r1', 'South', 949);
	INSERT INTO sales_order (id, cust_id, order_date, fin_code_id, region, sales_rep) VALUES (2166, 113, '2019-08-25 00:00:00', 'r1', 'Central', 902);
	INSERT INTO sales_order (id, cust_id, order_date, fin_code_id, region, sales_rep) VALUES (2167, 121, '2019-08-26 00:00:00', 'r1', 'Central', 856);
	INSERT INTO sales_order (id, cust_id, order_date, fin_code_id, region, sales_rep) VALUES (2168, 137, '2019-08-27 00:00:00', 'r1', 'Central', 299);
	INSERT INTO sales_order (id, cust_id, order_date, fin_code_id, region, sales_rep) VALUES (2169, 148, '2019-08-28 00:00:00', 'r1', 'Canada', 667);
	INSERT INTO sales_order (id, cust_id, order_date, fin_code_id, region, sales_rep) VALUES (2170, 149, '2019-08-29 00:00:00', 'r1', 'Canada', 129);
	INSERT INTO sales_order (id, cust_id, order_date, fin_code_id, region, sales_rep) VALUES (2171, 153, '2019-09-01 00:00:00', 'r1', 'Central', 1142);
	INSERT INTO sales_order (id, cust_id, order_date, fin_code_id, region, sales_rep) VALUES (2172, 202, '2019-08-31 00:00:00', 'r1', 'Eastern', 1142);
	INSERT INTO sales_order (id, cust_id, order_date, fin_code_id, region, sales_rep) VALUES (2173, 107, '2019-09-01 00:00:00', 'r1', 'South', 1142);
	INSERT INTO sales_order (id, cust_id, order_date, fin_code_id, region, sales_rep) VALUES (2174, 129, '2019-09-02 00:00:00', 'r1', 'Eastern', 195);
	INSERT INTO sales_order (id, cust_id, order_date, fin_code_id, region, sales_rep) VALUES (2175, 208, '2019-09-03 00:00:00', 'r1', 'Eastern', 690);
	INSERT INTO sales_order (id, cust_id, order_date, fin_code_id, region, sales_rep) VALUES (2176, 140, '2019-09-04 00:00:00', 'r1', 'Western', 1596);
	INSERT INTO sales_order (id, cust_id, order_date, fin_code_id, region, sales_rep) VALUES (2177, 134, '2019-09-04 00:00:00', 'r1', 'Central', 299);
	INSERT INTO sales_order (id, cust_id, order_date, fin_code_id, region, sales_rep) VALUES (2178, 103, '2019-09-07 00:00:00', 'r1', 'Eastern', 467);
	INSERT INTO sales_order (id, cust_id, order_date, fin_code_id, region, sales_rep) VALUES (2179, 119, '2019-09-08 00:00:00', 'r1', 'Western', 949);
	INSERT INTO sales_order (id, cust_id, order_date, fin_code_id, region, sales_rep) VALUES (2180, 209, '2019-09-09 00:00:00', 'r1', 'Western', 902);
	INSERT INTO sales_order (id, cust_id, order_date, fin_code_id, region, sales_rep) VALUES (2181, 136, '2019-09-10 00:00:00', 'r1', 'Central', 856);
	INSERT INTO sales_order (id, cust_id, order_date, fin_code_id, region, sales_rep) VALUES (2182, 195, '2019-09-11 00:00:00', 'r1', 'South', 299);
	INSERT INTO sales_order (id, cust_id, order_date, fin_code_id, region, sales_rep) VALUES (2183, 118, '2019-09-15 00:00:00', 'r1', 'South', 667);
	INSERT INTO sales_order (id, cust_id, order_date, fin_code_id, region, sales_rep) VALUES (2184, 182, '2019-09-16 00:00:00', 'r1', 'Western', 129);
	INSERT INTO sales_order (id, cust_id, order_date, fin_code_id, region, sales_rep) VALUES (2185, 107, '2019-09-17 00:00:00', 'r1', 'South', 1142);
	INSERT INTO sales_order (id, cust_id, order_date, fin_code_id, region, sales_rep) VALUES (2186, 111, '2019-09-18 00:00:00', 'r1', 'Eastern', 195);
	INSERT INTO sales_order (id, cust_id, order_date, fin_code_id, region, sales_rep) VALUES (2187, 136, '2019-09-21 00:00:00', 'r1', 'Central', 690);
	INSERT INTO sales_order (id, cust_id, order_date, fin_code_id, region, sales_rep) VALUES (2188, 144, '2019-09-22 00:00:00', 'r1', 'Eastern', 1596);
	INSERT INTO sales_order (id, cust_id, order_date, fin_code_id, region, sales_rep) VALUES (2189, 156, '2019-09-22 00:00:00', 'r1', 'Central', 299);
	INSERT INTO sales_order (id, cust_id, order_date, fin_code_id, region, sales_rep) VALUES (2190, 192, '2019-09-23 00:00:00', 'r1', 'Central', 467);
	INSERT INTO sales_order (id, cust_id, order_date, fin_code_id, region, sales_rep) VALUES (2191, 118, '2019-09-24 00:00:00', 'r1', 'South', 949);
	INSERT INTO sales_order (id, cust_id, order_date, fin_code_id, region, sales_rep) VALUES (2192, 158, '2019-09-25 00:00:00', 'r1', 'Eastern', 902);
	INSERT INTO sales_order (id, cust_id, order_date, fin_code_id, region, sales_rep) VALUES (2193, 183, '2019-09-28 00:00:00', 'r1', 'South', 856);
	INSERT INTO sales_order (id, cust_id, order_date, fin_code_id, region, sales_rep) VALUES (2194, 124, '2019-09-29 00:00:00', 'r1', 'Eastern', 299);
	INSERT INTO sales_order (id, cust_id, order_date, fin_code_id, region, sales_rep) VALUES (2195, 131, '2019-09-30 00:00:00', 'r1', 'Eastern', 667);
	INSERT INTO sales_order (id, cust_id, order_date, fin_code_id, region, sales_rep) VALUES (2196, 157, '2019-10-01 00:00:00', 'r1', 'Central', 129);
	INSERT INTO sales_order (id, cust_id, order_date, fin_code_id, region, sales_rep) VALUES (2197, 161, '2019-10-02 00:00:00', 'r1', 'Eastern', 1142);
	INSERT INTO sales_order (id, cust_id, order_date, fin_code_id, region, sales_rep) VALUES (2198, 144, '2019-10-05 00:00:00', 'r1', 'Eastern', 195);
	INSERT INTO sales_order (id, cust_id, order_date, fin_code_id, region, sales_rep) VALUES (2199, 116, '2019-10-06 00:00:00', 'r1', 'Eastern', 690);
	INSERT INTO sales_order (id, cust_id, order_date, fin_code_id, region, sales_rep) VALUES (2200, 198, '2019-10-07 00:00:00', 'r1', 'Western', 1596);
	INSERT INTO sales_order (id, cust_id, order_date, fin_code_id, region, sales_rep) VALUES (2201, 139, '2019-10-08 00:00:00', 'r1', 'Eastern', 299);
	INSERT INTO sales_order (id, cust_id, order_date, fin_code_id, region, sales_rep) VALUES (2202, 166, '2019-10-09 00:00:00', 'r1', 'South', 467);
	INSERT INTO sales_order (id, cust_id, order_date, fin_code_id, region, sales_rep) VALUES (2203, 107, '2019-10-12 00:00:00', 'r1', 'South', 949);
	INSERT INTO sales_order (id, cust_id, order_date, fin_code_id, region, sales_rep) VALUES (2204, 139, '2019-10-13 00:00:00', 'r1', 'Eastern', 902);
	INSERT INTO sales_order (id, cust_id, order_date, fin_code_id, region, sales_rep) VALUES (2205, 200, '2019-10-14 00:00:00', 'r1', 'Eastern', 856);
	INSERT INTO sales_order (id, cust_id, order_date, fin_code_id, region, sales_rep) VALUES (2206, 101, '2019-10-15 00:00:00', 'r1', 'Eastern', 299);
	INSERT INTO sales_order (id, cust_id, order_date, fin_code_id, region, sales_rep) VALUES (2207, 103, '2019-10-16 00:00:00', 'r1', 'Eastern', 667);
	INSERT INTO sales_order (id, cust_id, order_date, fin_code_id, region, sales_rep) VALUES (2208, 201, '2019-10-19 00:00:00', 'r1', 'Central', 129);
	INSERT INTO sales_order (id, cust_id, order_date, fin_code_id, region, sales_rep) VALUES (2209, 204, '2019-10-20 00:00:00', 'r1', 'Central', 1142);
	INSERT INTO sales_order (id, cust_id, order_date, fin_code_id, region, sales_rep) VALUES (2210, 206, '2019-10-21 00:00:00', 'r1', 'Eastern', 195);
	INSERT INTO sales_order (id, cust_id, order_date, fin_code_id, region, sales_rep) VALUES (2211, 207, '2019-10-22 00:00:00', 'r1', 'Central', 690);
	INSERT INTO sales_order (id, cust_id, order_date, fin_code_id, region, sales_rep) VALUES (2212, 190, '2019-10-23 00:00:00', 'r1', 'Central', 1596);
	INSERT INTO sales_order (id, cust_id, order_date, fin_code_id, region, sales_rep) VALUES (2213, 191, '2019-10-26 00:00:00', 'r1', 'South', 299);
	INSERT INTO sales_order (id, cust_id, order_date, fin_code_id, region, sales_rep) VALUES (2214, 192, '2019-10-27 00:00:00', 'r1', 'Central', 467);
	INSERT INTO sales_order (id, cust_id, order_date, fin_code_id, region, sales_rep) VALUES (2215, 193, '2019-10-28 00:00:00', 'r1', 'Central', 949);
	INSERT INTO sales_order (id, cust_id, order_date, fin_code_id, region, sales_rep) VALUES (2216, 194, '2019-10-29 00:00:00', 'r1', 'Eastern', 902);
	INSERT INTO sales_order (id, cust_id, order_date, fin_code_id, region, sales_rep) VALUES (2217, 195, '2019-10-30 00:00:00', 'r1', 'South', 856);
	INSERT INTO sales_order (id, cust_id, order_date, fin_code_id, region, sales_rep) VALUES (2218, 196, '2019-11-02 00:00:00', 'r1', 'Canada', 299);
	INSERT INTO sales_order (id, cust_id, order_date, fin_code_id, region, sales_rep) VALUES (2219, 197, '2019-11-03 00:00:00', 'r1', 'South', 667);
	INSERT INTO sales_order (id, cust_id, order_date, fin_code_id, region, sales_rep) VALUES (2220, 198, '2019-11-04 00:00:00', 'r1', 'Western', 129);
	INSERT INTO sales_order (id, cust_id, order_date, fin_code_id, region, sales_rep) VALUES (2221, 199, '2019-11-05 00:00:00', 'r1', 'Eastern', 1142);
	INSERT INTO sales_order (id, cust_id, order_date, fin_code_id, region, sales_rep) VALUES (2222, 200, '2019-11-06 00:00:00', 'r1', 'Eastern', 195);
	INSERT INTO sales_order (id, cust_id, order_date, fin_code_id, region, sales_rep) VALUES (2223, 201, '2019-11-09 00:00:00', 'r1', 'Central', 690);
	INSERT INTO sales_order (id, cust_id, order_date, fin_code_id, region, sales_rep) VALUES (2224, 202, '2019-11-10 00:00:00', 'r1', 'Eastern', 1596);
	INSERT INTO sales_order (id, cust_id, order_date, fin_code_id, region, sales_rep) VALUES (2225, 203, '2019-11-11 00:00:00', 'r1', 'Central', 299);
	INSERT INTO sales_order (id, cust_id, order_date, fin_code_id, region, sales_rep) VALUES (2226, 204, '2019-11-12 00:00:00', 'r1', 'Central', 467);
	INSERT INTO sales_order (id, cust_id, order_date, fin_code_id, region, sales_rep) VALUES (2227, 205, '2019-11-13 00:00:00', 'r1', 'Eastern', 949);
	INSERT INTO sales_order (id, cust_id, order_date, fin_code_id, region, sales_rep) VALUES (2228, 107, '2019-11-16 00:00:00', 'r1', 'South', 902);
	INSERT INTO sales_order (id, cust_id, order_date, fin_code_id, region, sales_rep) VALUES (2229, 108, '2019-11-17 00:00:00', 'r1', 'South', 856);
	INSERT INTO sales_order (id, cust_id, order_date, fin_code_id, region, sales_rep) VALUES (2230, 109, '2019-11-18 00:00:00', 'r1', 'Canada', 299);
	INSERT INTO sales_order (id, cust_id, order_date, fin_code_id, region, sales_rep) VALUES (2231, 110, '2019-11-19 00:00:00', 'r1', 'Central', 667);
	INSERT INTO sales_order (id, cust_id, order_date, fin_code_id, region, sales_rep) VALUES (2232, 111, '2019-11-20 00:00:00', 'r1', 'Eastern', 129);
	INSERT INTO sales_order (id, cust_id, order_date, fin_code_id, region, sales_rep) VALUES (2233, 112, '2019-11-23 00:00:00', 'r1', 'Central', 1142);
	INSERT INTO sales_order (id, cust_id, order_date, fin_code_id, region, sales_rep) VALUES (2234, 113, '2019-11-24 00:00:00', 'r1', 'Central', 195);
	INSERT INTO sales_order (id, cust_id, order_date, fin_code_id, region, sales_rep) VALUES (2235, 114, '2019-11-25 00:00:00', 'r1', 'Central', 690);
	INSERT INTO sales_order (id, cust_id, order_date, fin_code_id, region, sales_rep) VALUES (2236, 115, '2019-11-26 00:00:00', 'r1', 'Central', 1596);
	INSERT INTO sales_order (id, cust_id, order_date, fin_code_id, region, sales_rep) VALUES (2237, 116, '2019-11-27 00:00:00', 'r1', 'Eastern', 299);
	INSERT INTO sales_order (id, cust_id, order_date, fin_code_id, region, sales_rep) VALUES (2238, 117, '2019-11-27 00:00:00', 'r1', 'Central', 467);
	INSERT INTO sales_order (id, cust_id, order_date, fin_code_id, region, sales_rep) VALUES (2239, 121, '2019-11-30 00:00:00', 'r1', 'Central', 949);
	INSERT INTO sales_order (id, cust_id, order_date, fin_code_id, region, sales_rep) VALUES (2240, 122, '2019-12-01 00:00:00', 'r1', 'Eastern', 902);
	INSERT INTO sales_order (id, cust_id, order_date, fin_code_id, region, sales_rep) VALUES (2241, 123, '2019-12-02 00:00:00', 'r1', 'Canada', 856);
	INSERT INTO sales_order (id, cust_id, order_date, fin_code_id, region, sales_rep) VALUES (2242, 124, '2019-12-03 00:00:00', 'r1', 'Eastern', 299);
	INSERT INTO sales_order (id, cust_id, order_date, fin_code_id, region, sales_rep) VALUES (2243, 125, '2019-12-04 00:00:00', 'r1', 'Central', 667);
	INSERT INTO sales_order (id, cust_id, order_date, fin_code_id, region, sales_rep) VALUES (2244, 126, '2019-12-07 00:00:00', 'r1', 'Western', 129);
	INSERT INTO sales_order (id, cust_id, order_date, fin_code_id, region, sales_rep) VALUES (2245, 127, '2019-12-08 00:00:00', 'r1', 'South', 1142);
	INSERT INTO sales_order (id, cust_id, order_date, fin_code_id, region, sales_rep) VALUES (2246, 128, '2019-12-09 00:00:00', 'r1', 'Eastern', 195);
	INSERT INTO sales_order (id, cust_id, order_date, fin_code_id, region, sales_rep) VALUES (2247, 129, '2019-12-10 00:00:00', 'r1', 'Eastern', 690);
	INSERT INTO sales_order (id, cust_id, order_date, fin_code_id, region, sales_rep) VALUES (2248, 130, '2019-12-11 00:00:00', 'r1', 'Central', 1596);
	INSERT INTO sales_order (id, cust_id, order_date, fin_code_id, region, sales_rep) VALUES (2249, 132, '2019-12-14 00:00:00', 'r1', 'Central', 299);
	INSERT INTO sales_order (id, cust_id, order_date, fin_code_id, region, sales_rep) VALUES (2250, 133, '2019-12-15 00:00:00', 'r1', 'Western', 467);
	INSERT INTO sales_order (id, cust_id, order_date, fin_code_id, region, sales_rep) VALUES (2251, 145, '2019-12-16 00:00:00', 'r1', 'Eastern', 949);
	INSERT INTO sales_order (id, cust_id, order_date, fin_code_id, region, sales_rep) VALUES (2252, 147, '2019-12-17 00:00:00', 'r1', 'Eastern', 902);
	INSERT INTO sales_order (id, cust_id, order_date, fin_code_id, region, sales_rep) VALUES (2253, 104, '2019-12-18 00:00:00', 'r1', 'South', 856);
	INSERT INTO sales_order (id, cust_id, order_date, fin_code_id, region, sales_rep) VALUES (2254, 107, '2019-12-21 00:00:00', 'r1', 'South', 299);
	INSERT INTO sales_order (id, cust_id, order_date, fin_code_id, region, sales_rep) VALUES (2255, 182, '2019-12-22 00:00:00', 'r1', 'Western', 667);
	INSERT INTO sales_order (id, cust_id, order_date, fin_code_id, region, sales_rep) VALUES (2256, 170, '2019-12-23 00:00:00', 'r1', 'South', 129);
	INSERT INTO sales_order (id, cust_id, order_date, fin_code_id, region, sales_rep) VALUES (2257, 166, '2019-12-24 00:00:00', 'r1', 'South', 1142);
	INSERT INTO sales_order (id, cust_id, order_date, fin_code_id, region, sales_rep) VALUES (2258, 151, '2019-12-25 00:00:00', 'r1', 'Central', 195);
	INSERT INTO sales_order (id, cust_id, order_date, fin_code_id, region, sales_rep) VALUES (2259, 198, '2019-12-28 00:00:00', 'r1', 'Western', 690);
	INSERT INTO sales_order (id, cust_id, order_date, fin_code_id, region, sales_rep) VALUES (2260, 176, '2019-12-29 00:00:00', 'r1', 'Eastern', 1596);
	INSERT INTO sales_order (id, cust_id, order_date, fin_code_id, region, sales_rep) VALUES (2261, 149, '2019-12-30 00:00:00', 'r1', 'Canada', 299);
	INSERT INTO sales_order (id, cust_id, order_date, fin_code_id, region, sales_rep) VALUES (2262, 185, '2019-12-31 00:00:00', 'r1', 'Eastern', 467);
	INSERT INTO sales_order (id, cust_id, order_date, fin_code_id, region, sales_rep) VALUES (2263, 201, '2020-01-04 00:00:00', 'r1', 'Central', 949);
	INSERT INTO sales_order (id, cust_id, order_date, fin_code_id, region, sales_rep) VALUES (2264, 209, '2020-01-05 00:00:00', 'r1', 'Western', 902);
	INSERT INTO sales_order (id, cust_id, order_date, fin_code_id, region, sales_rep) VALUES (2265, 199, '2020-01-06 00:00:00', 'r1', 'Eastern', 856);
	INSERT INTO sales_order (id, cust_id, order_date, fin_code_id, region, sales_rep) VALUES (2266, 104, '2020-01-07 00:00:00', 'r1', 'South', 299);
	INSERT INTO sales_order (id, cust_id, order_date, fin_code_id, region, sales_rep) VALUES (2267, 121, '2020-01-08 00:00:00', 'r1', 'Central', 667);
	INSERT INTO sales_order (id, cust_id, order_date, fin_code_id, region, sales_rep) VALUES (2268, 136, '2020-01-11 00:00:00', 'r1', 'Central', 129);
	INSERT INTO sales_order (id, cust_id, order_date, fin_code_id, region, sales_rep) VALUES (2269, 205, '2020-01-12 00:00:00', 'r1', 'Eastern', 1142);
	INSERT INTO sales_order (id, cust_id, order_date, fin_code_id, region, sales_rep) VALUES (2270, 149, '2020-01-13 00:00:00', 'r1', 'Canada', 195);
	INSERT INTO sales_order (id, cust_id, order_date, fin_code_id, region, sales_rep) VALUES (2271, 150, '2020-01-13 00:00:00', 'r1', 'Canada', 690);
	INSERT INTO sales_order (id, cust_id, order_date, fin_code_id, region, sales_rep) VALUES (2272, 191, '2020-01-14 00:00:00', 'r1', 'South', 1596);
	INSERT INTO sales_order (id, cust_id, order_date, fin_code_id, region, sales_rep) VALUES (2273, 182, '2020-01-14 00:00:00', 'r1', 'Western', 299);
	INSERT INTO sales_order (id, cust_id, order_date, fin_code_id, region, sales_rep) VALUES (2274, 104, '2020-01-15 00:00:00', 'r1', 'South', 467);
	INSERT INTO sales_order (id, cust_id, order_date, fin_code_id, region, sales_rep) VALUES (2275, 127, '2020-01-18 00:00:00', 'r1', 'South', 949);
	INSERT INTO sales_order (id, cust_id, order_date, fin_code_id, region, sales_rep) VALUES (2276, 153, '2020-01-19 00:00:00', 'r1', 'Central', 902);
	INSERT INTO sales_order (id, cust_id, order_date, fin_code_id, region, sales_rep) VALUES (2277, 208, '2020-01-20 00:00:00', 'r1', 'Eastern', 856);
	INSERT INTO sales_order (id, cust_id, order_date, fin_code_id, region, sales_rep) VALUES (2278, 189, '2020-01-20 00:00:00', 'r1', 'Eastern', 299);
	INSERT INTO sales_order (id, cust_id, order_date, fin_code_id, region, sales_rep) VALUES (2279, 101, '2020-01-21 00:00:00', 'r1', 'Eastern', 299);
	INSERT INTO sales_order (id, cust_id, order_date, fin_code_id, region, sales_rep) VALUES (2280, 104, '2020-01-21 00:00:00', 'r1', 'South', 667);
	INSERT INTO sales_order (id, cust_id, order_date, fin_code_id, region, sales_rep) VALUES (2281, 204, '2020-01-22 00:00:00', 'r1', 'Central', 129);
	INSERT INTO sales_order (id, cust_id, order_date, fin_code_id, region, sales_rep) VALUES (2282, 123, '2020-01-25 00:00:00', 'r1', 'Canada', 1142);
	INSERT INTO sales_order (id, cust_id, order_date, fin_code_id, region, sales_rep) VALUES (2283, 201, '2020-01-25 00:00:00', 'r1', 'Central', 195);
	INSERT INTO sales_order (id, cust_id, order_date, fin_code_id, region, sales_rep) VALUES (2284, 113, '2020-01-26 00:00:00', 'r1', 'Central', 690);
	INSERT INTO sales_order (id, cust_id, order_date, fin_code_id, region, sales_rep) VALUES (2285, 139, '2020-01-27 00:00:00', 'r1', 'Eastern', 1596);
	INSERT INTO sales_order (id, cust_id, order_date, fin_code_id, region, sales_rep) VALUES (2286, 142, '2020-01-28 00:00:00', 'r1', 'Central', 299);
	INSERT INTO sales_order (id, cust_id, order_date, fin_code_id, region, sales_rep) VALUES (2287, 154, '2020-01-29 00:00:00', 'r1', 'South', 467);
	INSERT INTO sales_order (id, cust_id, order_date, fin_code_id, region, sales_rep) VALUES (2288, 207, '2020-02-01 00:00:00', 'r1', 'Central', 949);
	INSERT INTO sales_order (id, cust_id, order_date, fin_code_id, region, sales_rep) VALUES (2289, 117, '2020-02-01 00:00:00', 'r1', 'Central', 902);
	INSERT INTO sales_order (id, cust_id, order_date, fin_code_id, region, sales_rep) VALUES (2290, 172, '2020-02-02 00:00:00', 'r1', 'Eastern', 299);
	INSERT INTO sales_order (id, cust_id, order_date, fin_code_id, region, sales_rep) VALUES (2291, 112, '2020-02-05 00:00:00', 'r1', 'Central', 667);
	INSERT INTO sales_order (id, cust_id, order_date, fin_code_id, region, sales_rep) VALUES (2292, 157, '2020-02-08 00:00:00', 'r1', 'Central', 129);
	INSERT INTO sales_order (id, cust_id, order_date, fin_code_id, region, sales_rep) VALUES (2293, 164, '2020-02-09 00:00:00', 'r1', 'Eastern', 1142);
	INSERT INTO sales_order (id, cust_id, order_date, fin_code_id, region, sales_rep) VALUES (2294, 204, '2020-02-09 00:00:00', 'r1', 'Central', 195);
	INSERT INTO sales_order (id, cust_id, order_date, fin_code_id, region, sales_rep) VALUES (2295, 101, '2020-02-10 00:00:00', 'r1', 'Eastern', 195);
	INSERT INTO sales_order (id, cust_id, order_date, fin_code_id, region, sales_rep) VALUES (2296, 114, '2020-02-11 00:00:00', 'r1', 'Central', 690);
	INSERT INTO sales_order (id, cust_id, order_date, fin_code_id, region, sales_rep) VALUES (2297, 197, '2020-02-11 00:00:00', 'r1', 'South', 1596);
	INSERT INTO sales_order (id, cust_id, order_date, fin_code_id, region, sales_rep) VALUES (2298, 200, '2020-02-12 00:00:00', 'r1', 'Eastern', 299);
	INSERT INTO sales_order (id, cust_id, order_date, fin_code_id, region, sales_rep) VALUES (2299, 117, '2020-02-15 00:00:00', 'r1', 'Central', 467);
	INSERT INTO sales_order (id, cust_id, order_date, fin_code_id, region, sales_rep) VALUES (2300, 172, '2020-02-16 00:00:00', 'r1', 'Eastern', 949);
	INSERT INTO sales_order (id, cust_id, order_date, fin_code_id, region, sales_rep) VALUES (2301, 116, '2020-02-16 00:00:00', 'r1', 'Eastern', 902);
	INSERT INTO sales_order (id, cust_id, order_date, fin_code_id, region, sales_rep) VALUES (2302, 147, '2020-02-17 00:00:00', 'r1', 'Eastern', 856);
	INSERT INTO sales_order (id, cust_id, order_date, fin_code_id, region, sales_rep) VALUES (2303, 166, '2020-02-18 00:00:00', 'r1', 'South', 299);
	INSERT INTO sales_order (id, cust_id, order_date, fin_code_id, region, sales_rep) VALUES (2304, 107, '2020-02-18 00:00:00', 'r1', 'South', 667);
	INSERT INTO sales_order (id, cust_id, order_date, fin_code_id, region, sales_rep) VALUES (2305, 201, '2020-02-18 00:00:00', 'r1', 'Central', 667);
	INSERT INTO sales_order (id, cust_id, order_date, fin_code_id, region, sales_rep) VALUES (2306, 199, '2020-02-19 00:00:00', 'r1', 'Eastern', 129);
	INSERT INTO sales_order (id, cust_id, order_date, fin_code_id, region, sales_rep) VALUES (2307, 103, '2020-02-22 00:00:00', 'r1', 'Eastern', 1142);
	INSERT INTO sales_order (id, cust_id, order_date, fin_code_id, region, sales_rep) VALUES (2308, 111, '2020-02-23 00:00:00', 'r1', 'Eastern', 195);
	INSERT INTO sales_order (id, cust_id, order_date, fin_code_id, region, sales_rep) VALUES (2309, 129, '2020-02-24 00:00:00', 'r1', 'Eastern', 690);
	INSERT INTO sales_order (id, cust_id, order_date, fin_code_id, region, sales_rep) VALUES (2310, 147, '2020-02-25 00:00:00', 'r1', 'Eastern', 1596);
	INSERT INTO sales_order (id, cust_id, order_date, fin_code_id, region, sales_rep) VALUES (2311, 152, '2020-02-25 00:00:00', 'r1', 'Eastern', 299);
	INSERT INTO sales_order (id, cust_id, order_date, fin_code_id, region, sales_rep) VALUES (2312, 209, '2020-02-26 00:00:00', 'r1', 'Western', 299);
	INSERT INTO sales_order (id, cust_id, order_date, fin_code_id, region, sales_rep) VALUES (2313, 110, '2020-03-01 00:00:00', 'r1', 'Central', 467);
	INSERT INTO sales_order (id, cust_id, order_date, fin_code_id, region, sales_rep) VALUES (2314, 161, '2020-03-01 00:00:00', 'r1', 'Eastern', 949);
	INSERT INTO sales_order (id, cust_id, order_date, fin_code_id, region, sales_rep) VALUES (2315, 190, '2020-03-02 00:00:00', 'r1', 'Central', 902);
	INSERT INTO sales_order (id, cust_id, order_date, fin_code_id, region, sales_rep) VALUES (2316, 138, '2020-03-03 00:00:00', 'r1', 'Canada', 856);
	INSERT INTO sales_order (id, cust_id, order_date, fin_code_id, region, sales_rep) VALUES (2317, 159, '2020-03-04 00:00:00', 'r1', 'Central', 299);
	INSERT INTO sales_order (id, cust_id, order_date, fin_code_id, region, sales_rep) VALUES (2318, 102, '2020-03-05 00:00:00', 'r1', 'Eastern', 667);
	INSERT INTO sales_order (id, cust_id, order_date, fin_code_id, region, sales_rep) VALUES (2319, 117, '2020-03-08 00:00:00', 'r1', 'Central', 129);
	INSERT INTO sales_order (id, cust_id, order_date, fin_code_id, region, sales_rep) VALUES (2320, 172, '2020-03-09 00:00:00', 'r1', 'Eastern', 1142);
	INSERT INTO sales_order (id, cust_id, order_date, fin_code_id, region, sales_rep) VALUES (2321, 201, '2020-03-09 00:00:00', 'r1', 'Central', 195);
	INSERT INTO sales_order (id, cust_id, order_date, fin_code_id, region, sales_rep) VALUES (2322, 189, '2020-03-10 00:00:00', 'r1', 'Eastern', 690);
	INSERT INTO sales_order (id, cust_id, order_date, fin_code_id, region, sales_rep) VALUES (2323, 119, '2020-03-10 00:00:00', 'r1', 'Western', 1596);
	INSERT INTO sales_order (id, cust_id, order_date, fin_code_id, region, sales_rep) VALUES (2324, 174, '2020-03-11 00:00:00', 'r1', 'Central', 299);
	INSERT INTO sales_order (id, cust_id, order_date, fin_code_id, region, sales_rep) VALUES (2325, 143, '2020-03-12 00:00:00', 'r1', 'Canada', 467);
	INSERT INTO sales_order (id, cust_id, order_date, fin_code_id, region, sales_rep) VALUES (2326, 205, '2020-03-12 00:00:00', 'r1', 'Eastern', 949);
	INSERT INTO sales_order (id, cust_id, order_date, fin_code_id, region, sales_rep) VALUES (2327, 121, '2020-03-15 00:00:00', 'r1', 'Central', 902);
	INSERT INTO sales_order (id, cust_id, order_date, fin_code_id, region, sales_rep) VALUES (2328, 137, '2020-03-16 00:00:00', 'r1', 'Central', 856);
	INSERT INTO sales_order (id, cust_id, order_date, fin_code_id, region, sales_rep) VALUES (2329, 169, '2020-03-17 00:00:00', 'r1', 'South', 299);
	INSERT INTO sales_order (id, cust_id, order_date, fin_code_id, region, sales_rep) VALUES (2330, 112, '2020-03-18 00:00:00', 'r1', 'Central', 667);
	INSERT INTO sales_order (id, cust_id, order_date, fin_code_id, region, sales_rep) VALUES (2331, 104, '2020-03-18 00:00:00', 'r1', 'South', 129);
	INSERT INTO sales_order (id, cust_id, order_date, fin_code_id, region, sales_rep) VALUES (2332, 203, '2020-03-19 00:00:00', 'r1', 'Central', 1142);
	INSERT INTO sales_order (id, cust_id, order_date, fin_code_id, region, sales_rep) VALUES (2333, 114, '2020-03-19 00:00:00', 'r1', 'Central', 195);
	INSERT INTO sales_order (id, cust_id, order_date, fin_code_id, region, sales_rep) VALUES (2334, 138, '2020-03-22 00:00:00', 'r1', 'Canada', 1596);
	INSERT INTO sales_order (id, cust_id, order_date, fin_code_id, region, sales_rep) VALUES (2335, 146, '2020-03-23 00:00:00', 'r1', 'Western', 299);
	INSERT INTO sales_order (id, cust_id, order_date, fin_code_id, region, sales_rep) VALUES (2336, 207, '2020-03-23 00:00:00', 'r1', 'Central', 467);
	INSERT INTO sales_order (id, cust_id, order_date, fin_code_id, region, sales_rep) VALUES (2337, 101, '2020-03-24 00:00:00', 'r1', 'Eastern', 949);
	INSERT INTO sales_order (id, cust_id, order_date, fin_code_id, region, sales_rep) VALUES (2338, 102, '2020-03-25 00:00:00', 'r1', 'Eastern', 902);
	INSERT INTO sales_order (id, cust_id, order_date, fin_code_id, region, sales_rep) VALUES (2339, 209, '2020-03-25 00:00:00', 'r1', 'Western', 856);
	INSERT INTO sales_order (id, cust_id, order_date, fin_code_id, region, sales_rep) VALUES (2340, 103, '2020-03-26 00:00:00', 'r1', 'Eastern', 299);
	INSERT INTO sales_order (id, cust_id, order_date, fin_code_id, region, sales_rep) VALUES (2341, 208, '2020-03-26 00:00:00', 'r1', 'Eastern', 667);
	INSERT INTO sales_order (id, cust_id, order_date, fin_code_id, region, sales_rep) VALUES (2342, 104, '2020-03-29 00:00:00', 'r1', 'South', 129);
	INSERT INTO sales_order (id, cust_id, order_date, fin_code_id, region, sales_rep) VALUES (2343, 207, '2020-03-29 00:00:00', 'r1', 'Central', 1142);
	INSERT INTO sales_order (id, cust_id, order_date, fin_code_id, region, sales_rep) VALUES (2344, 105, '2020-03-30 00:00:00', 'r1', 'Central', 195);
	INSERT INTO sales_order (id, cust_id, order_date, fin_code_id, region, sales_rep) VALUES (2345, 206, '2020-03-30 00:00:00', 'r1', 'Eastern', 690);
	INSERT INTO sales_order (id, cust_id, order_date, fin_code_id, region, sales_rep) VALUES (2346, 106, '2020-03-31 00:00:00', 'r1', 'Eastern', 1596);
	INSERT INTO sales_order (id, cust_id, order_date, fin_code_id, region, sales_rep) VALUES (2347, 205, '2020-03-31 00:00:00', 'r1', 'Eastern', 299);
	INSERT INTO sales_order (id, cust_id, order_date, fin_code_id, region, sales_rep) VALUES (2348, 107, '2020-04-01 00:00:00', 'r1', 'South', 467);
	INSERT INTO sales_order (id, cust_id, order_date, fin_code_id, region, sales_rep) VALUES (2349, 204, '2020-04-01 00:00:00', 'r1', 'Central', 949);
	INSERT INTO sales_order (id, cust_id, order_date, fin_code_id, region, sales_rep) VALUES (2350, 108, '2020-04-02 00:00:00', 'r1', 'South', 902);
	INSERT INTO sales_order (id, cust_id, order_date, fin_code_id, region, sales_rep) VALUES (2351, 203, '2020-04-02 00:00:00', 'r1', 'Central', 856);
	INSERT INTO sales_order (id, cust_id, order_date, fin_code_id, region, sales_rep) VALUES (2352, 109, '2020-04-05 00:00:00', 'r1', 'Canada', 299);
	INSERT INTO sales_order (id, cust_id, order_date, fin_code_id, region, sales_rep) VALUES (2353, 202, '2020-04-05 00:00:00', 'r1', 'Eastern', 667);
	INSERT INTO sales_order (id, cust_id, order_date, fin_code_id, region, sales_rep) VALUES (2354, 110, '2020-04-06 00:00:00', 'r1', 'Central', 129);
	INSERT INTO sales_order (id, cust_id, order_date, fin_code_id, region, sales_rep) VALUES (2355, 201, '2020-04-06 00:00:00', 'r1', 'Central', 1142);
	INSERT INTO sales_order (id, cust_id, order_date, fin_code_id, region, sales_rep) VALUES (2356, 111, '2020-04-07 00:00:00', 'r1', 'Eastern', 195);
	INSERT INTO sales_order (id, cust_id, order_date, fin_code_id, region, sales_rep) VALUES (2357, 200, '2020-04-07 00:00:00', 'r1', 'Eastern', 690);
	INSERT INTO sales_order (id, cust_id, order_date, fin_code_id, region, sales_rep) VALUES (2358, 112, '2020-04-08 00:00:00', 'r1', 'Central', 1596);
	INSERT INTO sales_order (id, cust_id, order_date, fin_code_id, region, sales_rep) VALUES (2359, 199, '2020-04-08 00:00:00', 'r1', 'Eastern', 299);
	INSERT INTO sales_order (id, cust_id, order_date, fin_code_id, region, sales_rep) VALUES (2360, 113, '2020-04-09 00:00:00', 'r1', 'Central', 467);
	INSERT INTO sales_order (id, cust_id, order_date, fin_code_id, region, sales_rep) VALUES (2361, 198, '2020-04-09 00:00:00', 'r1', 'Western', 949);
	INSERT INTO sales_order (id, cust_id, order_date, fin_code_id, region, sales_rep) VALUES (2362, 114, '2020-04-12 00:00:00', 'r1', 'Central', 902);
	INSERT INTO sales_order (id, cust_id, order_date, fin_code_id, region, sales_rep) VALUES (2363, 197, '2020-04-12 00:00:00', 'r1', 'South', 856);
	INSERT INTO sales_order (id, cust_id, order_date, fin_code_id, region, sales_rep) VALUES (2364, 115, '2020-04-13 00:00:00', 'r1', 'Central', 299);
	INSERT INTO sales_order (id, cust_id, order_date, fin_code_id, region, sales_rep) VALUES (2365, 196, '2020-04-13 00:00:00', 'r1', 'Canada', 667);
	INSERT INTO sales_order (id, cust_id, order_date, fin_code_id, region, sales_rep) VALUES (2366, 116, '2020-04-14 00:00:00', 'r1', 'Eastern', 129);
	INSERT INTO sales_order (id, cust_id, order_date, fin_code_id, region, sales_rep) VALUES (2367, 195, '2020-04-15 00:00:00', 'r1', 'South', 1142);
	INSERT INTO sales_order (id, cust_id, order_date, fin_code_id, region, sales_rep) VALUES (2368, 117, '2020-04-15 00:00:00', 'r1', 'Central', 195);
	INSERT INTO sales_order (id, cust_id, order_date, fin_code_id, region, sales_rep) VALUES (2369, 194, '2020-04-16 00:00:00', 'r1', 'Eastern', 690);
	INSERT INTO sales_order (id, cust_id, order_date, fin_code_id, region, sales_rep) VALUES (2370, 118, '2020-04-16 00:00:00', 'r1', 'South', 1596);
	INSERT INTO sales_order (id, cust_id, order_date, fin_code_id, region, sales_rep) VALUES (2371, 193, '2020-04-19 00:00:00', 'r1', 'Central', 299);
	INSERT INTO sales_order (id, cust_id, order_date, fin_code_id, region, sales_rep) VALUES (2372, 119, '2020-04-19 00:00:00', 'r1', 'Western', 467);
	INSERT INTO sales_order (id, cust_id, order_date, fin_code_id, region, sales_rep) VALUES (2373, 192, '2020-04-20 00:00:00', 'r1', 'Central', 949);
	INSERT INTO sales_order (id, cust_id, order_date, fin_code_id, region, sales_rep) VALUES (2374, 120, '2020-04-20 00:00:00', 'r1', 'Eastern', 902);
	INSERT INTO sales_order (id, cust_id, order_date, fin_code_id, region, sales_rep) VALUES (2375, 191, '2020-04-21 00:00:00', 'r1', 'South', 856);
	INSERT INTO sales_order (id, cust_id, order_date, fin_code_id, region, sales_rep) VALUES (2376, 121, '2020-04-21 00:00:00', 'r1', 'Central', 299);
	INSERT INTO sales_order (id, cust_id, order_date, fin_code_id, region, sales_rep) VALUES (2377, 190, '2020-04-22 00:00:00', 'r1', 'Central', 667);
	INSERT INTO sales_order (id, cust_id, order_date, fin_code_id, region, sales_rep) VALUES (2378, 122, '2020-04-22 00:00:00', 'r1', 'Eastern', 129);
	INSERT INTO sales_order (id, cust_id, order_date, fin_code_id, region, sales_rep) VALUES (2379, 189, '2020-04-23 00:00:00', 'r1', 'Eastern', 1142);
	INSERT INTO sales_order (id, cust_id, order_date, fin_code_id, region, sales_rep) VALUES (2380, 123, '2020-04-26 00:00:00', 'r1', 'Canada', 195);
	INSERT INTO sales_order (id, cust_id, order_date, fin_code_id, region, sales_rep) VALUES (2381, 188, '2020-04-26 00:00:00', 'r1', 'Central', 690);
	INSERT INTO sales_order (id, cust_id, order_date, fin_code_id, region, sales_rep) VALUES (2382, 124, '2020-04-27 00:00:00', 'r1', 'Eastern', 1596);
	INSERT INTO sales_order (id, cust_id, order_date, fin_code_id, region, sales_rep) VALUES (2383, 187, '2020-04-27 00:00:00', 'r1', 'Central', 299);
	INSERT INTO sales_order (id, cust_id, order_date, fin_code_id, region, sales_rep) VALUES (2384, 125, '2020-04-28 00:00:00', 'r1', 'Central', 467);
	INSERT INTO sales_order (id, cust_id, order_date, fin_code_id, region, sales_rep) VALUES (2385, 126, '2020-04-29 00:00:00', 'r1', 'Western', 949);
	INSERT INTO sales_order (id, cust_id, order_date, fin_code_id, region, sales_rep) VALUES (2386, 185, '2020-04-29 00:00:00', 'r1', 'Eastern', 902);
	INSERT INTO sales_order (id, cust_id, order_date, fin_code_id, region, sales_rep) VALUES (2387, 127, '2020-04-30 00:00:00', 'r1', 'South', 856);
	INSERT INTO sales_order (id, cust_id, order_date, fin_code_id, region, sales_rep) VALUES (2388, 184, '2020-04-30 00:00:00', 'r1', 'Central', 299);
	INSERT INTO sales_order (id, cust_id, order_date, fin_code_id, region, sales_rep) VALUES (2389, 101, '2020-04-16 00:00:00', 'r1', 'Eastern', 195);
	INSERT INTO sales_order (id, cust_id, order_date, fin_code_id, region, sales_rep) VALUES (2390, 183, '2020-05-03 00:00:00', 'r1', 'South', 667);
	INSERT INTO sales_order (id, cust_id, order_date, fin_code_id, region, sales_rep) VALUES (2391, 128, '2020-05-03 00:00:00', 'r1', 'Eastern', 129);
	INSERT INTO sales_order (id, cust_id, order_date, fin_code_id, region, sales_rep) VALUES (2392, 182, '2020-05-04 00:00:00', 'r1', 'Western', 690);
	INSERT INTO sales_order (id, cust_id, order_date, fin_code_id, region, sales_rep) VALUES (2393, 129, '2020-05-04 00:00:00', 'r1', 'Eastern', 1596);
	INSERT INTO sales_order (id, cust_id, order_date, fin_code_id, region, sales_rep) VALUES (2394, 181, '2020-05-05 00:00:00', 'r1', 'Eastern', 299);
	INSERT INTO sales_order (id, cust_id, order_date, fin_code_id, region, sales_rep) VALUES (2395, 130, '2020-05-05 00:00:00', 'r1', 'Central', 467);
	INSERT INTO sales_order (id, cust_id, order_date, fin_code_id, region, sales_rep) VALUES (2396, 180, '2020-05-06 00:00:00', 'r1', 'Eastern', 949);
	INSERT INTO sales_order (id, cust_id, order_date, fin_code_id, region, sales_rep) VALUES (2397, 131, '2020-05-06 00:00:00', 'r1', 'Eastern', 856);
	INSERT INTO sales_order (id, cust_id, order_date, fin_code_id, region, sales_rep) VALUES (2398, 132, '2020-05-07 00:00:00', 'r1', 'Central', 299);
	INSERT INTO sales_order (id, cust_id, order_date, fin_code_id, region, sales_rep) VALUES (2399, 178, '2020-05-10 00:00:00', 'r1', 'Eastern', 129);
	INSERT INTO sales_order (id, cust_id, order_date, fin_code_id, region, sales_rep) VALUES (2400, 133, '2020-05-10 00:00:00', 'r1', 'Western', 1142);
	INSERT INTO sales_order (id, cust_id, order_date, fin_code_id, region, sales_rep) VALUES (2401, 177, '2020-05-11 00:00:00', 'r1', 'South', 690);
	INSERT INTO sales_order (id, cust_id, order_date, fin_code_id, region, sales_rep) VALUES (2402, 134, '2020-05-11 00:00:00', 'r1', 'Central', 1596);
	INSERT INTO sales_order (id, cust_id, order_date, fin_code_id, region, sales_rep) VALUES (2403, 176, '2020-05-12 00:00:00', 'r1', 'Eastern', 299);
	INSERT INTO sales_order (id, cust_id, order_date, fin_code_id, region, sales_rep) VALUES (2404, 135, '2020-05-12 00:00:00', 'r1', 'Eastern', 467);
	INSERT INTO sales_order (id, cust_id, order_date, fin_code_id, region, sales_rep) VALUES (2405, 175, '2020-05-13 00:00:00', 'r1', 'Canada', 949);
	INSERT INTO sales_order (id, cust_id, order_date, fin_code_id, region, sales_rep) VALUES (2406, 136, '2020-05-13 00:00:00', 'r1', 'Central', 856);
	INSERT INTO sales_order (id, cust_id, order_date, fin_code_id, region, sales_rep) VALUES (2407, 174, '2020-05-14 00:00:00', 'r1', 'Central', 299);
	INSERT INTO sales_order (id, cust_id, order_date, fin_code_id, region, sales_rep) VALUES (2408, 137, '2020-05-14 00:00:00', 'r1', 'Central', 667);
	INSERT INTO sales_order (id, cust_id, order_date, fin_code_id, region, sales_rep) VALUES (2409, 173, '2020-05-17 00:00:00', 'r1', 'Eastern', 1142);
	INSERT INTO sales_order (id, cust_id, order_date, fin_code_id, region, sales_rep) VALUES (2410, 138, '2020-05-17 00:00:00', 'r1', 'Canada', 129);
	INSERT INTO sales_order (id, cust_id, order_date, fin_code_id, region, sales_rep) VALUES (2411, 172, '2020-05-18 00:00:00', 'r1', 'Eastern', 690);
	INSERT INTO sales_order (id, cust_id, order_date, fin_code_id, region, sales_rep) VALUES (2412, 139, '2020-05-19 00:00:00', 'r1', 'Eastern', 1596);
	INSERT INTO sales_order (id, cust_id, order_date, fin_code_id, region, sales_rep) VALUES (2413, 171, '2020-05-19 00:00:00', 'r1', 'Central', 299);
	INSERT INTO sales_order (id, cust_id, order_date, fin_code_id, region, sales_rep) VALUES (2414, 140, '2020-05-20 00:00:00', 'r1', 'Western', 467);
	INSERT INTO sales_order (id, cust_id, order_date, fin_code_id, region, sales_rep) VALUES (2415, 170, '2020-05-20 00:00:00', 'r1', 'South', 949);
	INSERT INTO sales_order (id, cust_id, order_date, fin_code_id, region, sales_rep) VALUES (2416, 141, '2020-05-20 00:00:00', 'r1', 'Central', 667);
	INSERT INTO sales_order (id, cust_id, order_date, fin_code_id, region, sales_rep) VALUES (2417, 169, '2020-05-20 00:00:00', 'r1', 'South', 856);
	INSERT INTO sales_order (id, cust_id, order_date, fin_code_id, region, sales_rep) VALUES (2418, 142, '2020-05-21 00:00:00', 'r1', 'Central', 299);
	INSERT INTO sales_order (id, cust_id, order_date, fin_code_id, region, sales_rep) VALUES (2419, 168, '2020-05-21 00:00:00', 'r1', 'Western', 856);
	INSERT INTO sales_order (id, cust_id, order_date, fin_code_id, region, sales_rep) VALUES (2420, 143, '2020-05-24 00:00:00', 'r1', 'Canada', 667);
	INSERT INTO sales_order (id, cust_id, order_date, fin_code_id, region, sales_rep) VALUES (2421, 167, '2020-05-24 00:00:00', 'r1', 'Central', 1142);
	INSERT INTO sales_order (id, cust_id, order_date, fin_code_id, region, sales_rep) VALUES (2422, 144, '2020-05-24 00:00:00', 'r1', 'Eastern', 129);
	INSERT INTO sales_order (id, cust_id, order_date, fin_code_id, region, sales_rep) VALUES (2423, 166, '2020-05-25 00:00:00', 'r1', 'South', 690);
	INSERT INTO sales_order (id, cust_id, order_date, fin_code_id, region, sales_rep) VALUES (2424, 143, '2020-05-25 00:00:00', 'r1', 'Canada', 1596);
	INSERT INTO sales_order (id, cust_id, order_date, fin_code_id, region, sales_rep) VALUES (2425, 165, '2020-05-26 00:00:00', 'r1', 'Central', 299);
	INSERT INTO sales_order (id, cust_id, order_date, fin_code_id, region, sales_rep) VALUES (2426, 144, '2020-05-26 00:00:00', 'r1', 'Eastern', 467);
	INSERT INTO sales_order (id, cust_id, order_date, fin_code_id, region, sales_rep) VALUES (2427, 164, '2020-05-26 00:00:00', 'r1', 'Eastern', 856);
	INSERT INTO sales_order (id, cust_id, order_date, fin_code_id, region, sales_rep) VALUES (2428, 145, '2020-05-31 00:00:00', 'r1', 'Eastern', 299);
	INSERT INTO sales_order (id, cust_id, order_date, fin_code_id, region, sales_rep) VALUES (2429, 163, '2020-05-31 00:00:00', 'r1', 'Canada', 667);
	INSERT INTO sales_order (id, cust_id, order_date, fin_code_id, region, sales_rep) VALUES (2430, 146, '2020-06-01 00:00:00', 'r1', 'Western', 1142);
	INSERT INTO sales_order (id, cust_id, order_date, fin_code_id, region, sales_rep) VALUES (2431, 162, '2020-06-01 00:00:00', 'r1', 'Central', 129);
	INSERT INTO sales_order (id, cust_id, order_date, fin_code_id, region, sales_rep) VALUES (2432, 147, '2020-06-02 00:00:00', 'r1', 'Eastern', 690);
	INSERT INTO sales_order (id, cust_id, order_date, fin_code_id, region, sales_rep) VALUES (2433, 161, '2020-06-02 00:00:00', 'r1', 'Eastern', 1596);
	INSERT INTO sales_order (id, cust_id, order_date, fin_code_id, region, sales_rep) VALUES (2434, 148, '2020-06-03 00:00:00', 'r1', 'Canada', 299);
	INSERT INTO sales_order (id, cust_id, order_date, fin_code_id, region, sales_rep) VALUES (2435, 160, '2020-06-03 00:00:00', 'r1', 'Eastern', 467);
	INSERT INTO sales_order (id, cust_id, order_date, fin_code_id, region, sales_rep) VALUES (2436, 149, '2020-06-04 00:00:00', 'r1', 'Canada', 949);
	INSERT INTO sales_order (id, cust_id, order_date, fin_code_id, region, sales_rep) VALUES (2437, 159, '2020-06-04 00:00:00', 'r1', 'Central', 299);
	INSERT INTO sales_order (id, cust_id, order_date, fin_code_id, region, sales_rep) VALUES (2438, 150, '2020-06-07 00:00:00', 'r1', 'Canada', 856);
	INSERT INTO sales_order (id, cust_id, order_date, fin_code_id, region, sales_rep) VALUES (2439, 158, '2020-06-07 00:00:00', 'r1', 'Eastern', 667);
	INSERT INTO sales_order (id, cust_id, order_date, fin_code_id, region, sales_rep) VALUES (2440, 151, '2020-06-08 00:00:00', 'r1', 'Central', 1142);
	INSERT INTO sales_order (id, cust_id, order_date, fin_code_id, region, sales_rep) VALUES (2441, 157, '2020-06-08 00:00:00', 'r1', 'Central', 129);
	INSERT INTO sales_order (id, cust_id, order_date, fin_code_id, region, sales_rep) VALUES (2442, 152, '2020-06-08 00:00:00', 'r1', 'Eastern', 690);
	INSERT INTO sales_order (id, cust_id, order_date, fin_code_id, region, sales_rep) VALUES (2443, 156, '2020-06-09 00:00:00', 'r1', 'Central', 1596);
	INSERT INTO sales_order (id, cust_id, order_date, fin_code_id, region, sales_rep) VALUES (2444, 153, '2020-06-09 00:00:00', 'r1', 'Central', 299);
	INSERT INTO sales_order (id, cust_id, order_date, fin_code_id, region, sales_rep) VALUES (2445, 155, '2020-06-10 00:00:00', 'r1', 'Central', 467);
	INSERT INTO sales_order (id, cust_id, order_date, fin_code_id, region, sales_rep) VALUES (2446, 154, '2020-06-10 00:00:00', 'r1', 'South', 949);
	INSERT INTO sales_order (id, cust_id, order_date, fin_code_id, region, sales_rep) VALUES (2447, 101, '2020-06-11 00:00:00', 'r1', 'Eastern', 856);
	INSERT INTO sales_order (id, cust_id, order_date, fin_code_id, region, sales_rep) VALUES (2448, 209, '2020-06-11 00:00:00', 'r1', 'Western', 299);
	INSERT INTO sales_order (id, cust_id, order_date, fin_code_id, region, sales_rep) VALUES (2449, 102, '2020-06-14 00:00:00', 'r1', 'Eastern', 667);
	INSERT INTO sales_order (id, cust_id, order_date, fin_code_id, region, sales_rep) VALUES (2450, 208, '2020-06-14 00:00:00', 'r1', 'Eastern', 1142);
	INSERT INTO sales_order (id, cust_id, order_date, fin_code_id, region, sales_rep) VALUES (2451, 103, '2020-06-15 00:00:00', 'r1', 'Eastern', 129);
	INSERT INTO sales_order (id, cust_id, order_date, fin_code_id, region, sales_rep) VALUES (2452, 104, '2020-06-15 00:00:00', 'r1', 'South', 690);
	INSERT INTO sales_order (id, cust_id, order_date, fin_code_id, region, sales_rep) VALUES (2453, 206, '2020-06-16 00:00:00', 'r1', 'Eastern', 1596);
	INSERT INTO sales_order (id, cust_id, order_date, fin_code_id, region, sales_rep) VALUES (2454, 105, '2020-06-16 00:00:00', 'r1', 'Central', 299);
	INSERT INTO sales_order (id, cust_id, order_date, fin_code_id, region, sales_rep) VALUES (2455, 205, '2020-06-17 00:00:00', 'r1', 'Eastern', 467);
	INSERT INTO sales_order (id, cust_id, order_date, fin_code_id, region, sales_rep) VALUES (2456, 106, '2020-06-17 00:00:00', 'r1', 'Eastern', 949);
	INSERT INTO sales_order (id, cust_id, order_date, fin_code_id, region, sales_rep) VALUES (2457, 204, '2020-06-17 00:00:00', 'r1', 'Central', 856);
	INSERT INTO sales_order (id, cust_id, order_date, fin_code_id, region, sales_rep) VALUES (2458, 107, '2020-06-18 00:00:00', 'r1', 'South', 299);
	INSERT INTO sales_order (id, cust_id, order_date, fin_code_id, region, sales_rep) VALUES (2459, 203, '2020-06-21 00:00:00', 'r1', 'Central', 667);
	INSERT INTO sales_order (id, cust_id, order_date, fin_code_id, region, sales_rep) VALUES (2460, 108, '2020-06-21 00:00:00', 'r1', 'South', 1142);
	INSERT INTO sales_order (id, cust_id, order_date, fin_code_id, region, sales_rep) VALUES (2461, 202, '2020-06-22 00:00:00', 'r1', 'Eastern', 129);
	INSERT INTO sales_order (id, cust_id, order_date, fin_code_id, region, sales_rep) VALUES (2462, 109, '2020-06-22 00:00:00', 'r1', 'Canada', 299);
	INSERT INTO sales_order (id, cust_id, order_date, fin_code_id, region, sales_rep) VALUES (2463, 200, '2020-06-24 00:00:00', 'r1', 'Eastern', 1596);
	INSERT INTO sales_order (id, cust_id, order_date, fin_code_id, region, sales_rep) VALUES (2464, 110, '2020-06-23 00:00:00', 'r1', 'Central', 299);
	INSERT INTO sales_order (id, cust_id, order_date, fin_code_id, region, sales_rep) VALUES (2465, 199, '2020-06-28 00:00:00', 'r1', 'Eastern', 856);
	INSERT INTO sales_order (id, cust_id, order_date, fin_code_id, region, sales_rep) VALUES (2466, 112, '2020-06-29 00:00:00', 'r1', 'Central', 299);
	INSERT INTO sales_order (id, cust_id, order_date, fin_code_id, region, sales_rep) VALUES (2467, 198, '2020-06-29 00:00:00', 'r1', 'Western', 667);
	INSERT INTO sales_order (id, cust_id, order_date, fin_code_id, region, sales_rep) VALUES (2468, 113, '2020-06-30 00:00:00', 'r1', 'Central', 1142);
	INSERT INTO sales_order (id, cust_id, order_date, fin_code_id, region, sales_rep) VALUES (2469, 197, '2020-06-30 00:00:00', 'r1', 'South', 129);
	INSERT INTO sales_order (id, cust_id, order_date, fin_code_id, region, sales_rep) VALUES (2470, 114, '2020-07-01 00:00:00', 'r1', 'Central', 690);
	INSERT INTO sales_order (id, cust_id, order_date, fin_code_id, region, sales_rep) VALUES (2471, 196, '2020-07-01 00:00:00', 'r1', 'Canada', 1596);
	INSERT INTO sales_order (id, cust_id, order_date, fin_code_id, region, sales_rep) VALUES (2472, 115, '2020-07-01 00:00:00', 'r1', 'Central', 856);
	INSERT INTO sales_order (id, cust_id, order_date, fin_code_id, region, sales_rep) VALUES (2473, 195, '2020-07-05 00:00:00', 'r1', 'South', 299);
	INSERT INTO sales_order (id, cust_id, order_date, fin_code_id, region, sales_rep) VALUES (2474, 116, '2020-07-05 00:00:00', 'r1', 'Eastern', 467);
	INSERT INTO sales_order (id, cust_id, order_date, fin_code_id, region, sales_rep) VALUES (2475, 194, '2020-07-06 00:00:00', 'r1', 'Eastern', 949);
	INSERT INTO sales_order (id, cust_id, order_date, fin_code_id, region, sales_rep) VALUES (2476, 117, '2020-07-07 00:00:00', 'r1', 'Central', 299);
	INSERT INTO sales_order (id, cust_id, order_date, fin_code_id, region, sales_rep) VALUES (2477, 193, '2020-07-07 00:00:00', 'r1', 'Central', 467);
	INSERT INTO sales_order (id, cust_id, order_date, fin_code_id, region, sales_rep) VALUES (2478, 118, '2020-07-08 00:00:00', 'r1', 'South', 949);
	INSERT INTO sales_order (id, cust_id, order_date, fin_code_id, region, sales_rep) VALUES (2479, 192, '2020-07-08 00:00:00', 'r1', 'Central', 856);
	INSERT INTO sales_order (id, cust_id, order_date, fin_code_id, region, sales_rep) VALUES (2480, 119, '2020-07-09 00:00:00', 'r1', 'Western', 299);
	INSERT INTO sales_order (id, cust_id, order_date, fin_code_id, region, sales_rep) VALUES (2481, 191, '2020-07-09 00:00:00', 'r1', 'South', 667);
	INSERT INTO sales_order (id, cust_id, order_date, fin_code_id, region, sales_rep) VALUES (2482, 120, '2020-07-12 00:00:00', 'r1', 'Eastern', 1142);
	INSERT INTO sales_order (id, cust_id, order_date, fin_code_id, region, sales_rep) VALUES (2483, 190, '2020-07-12 00:00:00', 'r1', 'Central', 129);
	INSERT INTO sales_order (id, cust_id, order_date, fin_code_id, region, sales_rep) VALUES (2484, 121, '2020-07-14 00:00:00', 'r1', 'Central', 129);
	INSERT INTO sales_order (id, cust_id, order_date, fin_code_id, region, sales_rep) VALUES (2485, 189, '2020-07-14 00:00:00', 'r1', 'Eastern', 1142);
	INSERT INTO sales_order (id, cust_id, order_date, fin_code_id, region, sales_rep) VALUES (2486, 122, '2020-07-15 00:00:00', 'r1', 'Eastern', 690);
	INSERT INTO sales_order (id, cust_id, order_date, fin_code_id, region, sales_rep) VALUES (2487, 188, '2020-07-15 00:00:00', 'r1', 'Central', 1596);
	INSERT INTO sales_order (id, cust_id, order_date, fin_code_id, region, sales_rep) VALUES (2488, 123, '2020-07-16 00:00:00', 'r1', 'Canada', 299);
	INSERT INTO sales_order (id, cust_id, order_date, fin_code_id, region, sales_rep) VALUES (2489, 187, '2020-07-16 00:00:00', 'r1', 'Central', 467);
	INSERT INTO sales_order (id, cust_id, order_date, fin_code_id, region, sales_rep) VALUES (2490, 124, '2020-07-19 00:00:00', 'r1', 'Eastern', 949);
	INSERT INTO sales_order (id, cust_id, order_date, fin_code_id, region, sales_rep) VALUES (2491, 186, '2020-07-19 00:00:00', 'r1', 'Central', 856);
	INSERT INTO sales_order (id, cust_id, order_date, fin_code_id, region, sales_rep) VALUES (2492, 125, '2020-07-20 00:00:00', 'r1', 'Central', 299);
	INSERT INTO sales_order (id, cust_id, order_date, fin_code_id, region, sales_rep) VALUES (2493, 185, '2020-07-21 00:00:00', 'r1', 'Eastern', 667);
	INSERT INTO sales_order (id, cust_id, order_date, fin_code_id, region, sales_rep) VALUES (2494, 126, '2020-07-21 00:00:00', 'r1', 'Western', 1142);
	INSERT INTO sales_order (id, cust_id, order_date, fin_code_id, region, sales_rep) VALUES (2495, 184, '2020-07-22 00:00:00', 'r1', 'Central', 129);
	INSERT INTO sales_order (id, cust_id, order_date, fin_code_id, region, sales_rep) VALUES (2496, 127, '2020-07-23 00:00:00', 'r1', 'South', 690);
	INSERT INTO sales_order (id, cust_id, order_date, fin_code_id, region, sales_rep) VALUES (2497, 183, '2020-07-23 00:00:00', 'r1', 'South', 1596);
	INSERT INTO sales_order (id, cust_id, order_date, fin_code_id, region, sales_rep) VALUES (2498, 128, '2020-07-26 00:00:00', 'r1', 'Eastern', 299);
	INSERT INTO sales_order (id, cust_id, order_date, fin_code_id, region, sales_rep) VALUES (2499, 182, '2020-07-26 00:00:00', 'r1', 'Western', 467);
	INSERT INTO sales_order (id, cust_id, order_date, fin_code_id, region, sales_rep) VALUES (2500, 129, '2020-07-27 00:00:00', 'r1', 'Eastern', 949);
	INSERT INTO sales_order (id, cust_id, order_date, fin_code_id, region, sales_rep) VALUES (2501, 181, '2020-07-27 00:00:00', 'r1', 'Eastern', 856);
	INSERT INTO sales_order (id, cust_id, order_date, fin_code_id, region, sales_rep) VALUES (2502, 130, '2020-07-28 00:00:00', 'r1', 'Central', 299);
	INSERT INTO sales_order (id, cust_id, order_date, fin_code_id, region, sales_rep) VALUES (2503, 180, '2020-07-28 00:00:00', 'r1', 'Eastern', 667);
	INSERT INTO sales_order (id, cust_id, order_date, fin_code_id, region, sales_rep) VALUES (2504, 131, '2020-07-29 00:00:00', 'r1', 'Eastern', 1142);
	INSERT INTO sales_order (id, cust_id, order_date, fin_code_id, region, sales_rep) VALUES (2505, 179, '2020-07-29 00:00:00', 'r1', 'South', 129);
	INSERT INTO sales_order (id, cust_id, order_date, fin_code_id, region, sales_rep) VALUES (2506, 132, '2020-07-30 00:00:00', 'r1', 'Central', 129);
	INSERT INTO sales_order (id, cust_id, order_date, fin_code_id, region, sales_rep) VALUES (2507, 178, '2020-07-30 00:00:00', 'r1', 'Eastern', 690);
	INSERT INTO sales_order (id, cust_id, order_date, fin_code_id, region, sales_rep) VALUES (2508, 133, '2020-08-02 00:00:00', 'r1', 'Western', 195);
	INSERT INTO sales_order (id, cust_id, order_date, fin_code_id, region, sales_rep) VALUES (2509, 177, '2020-08-03 00:00:00', 'r1', 'South', 1596);
	INSERT INTO sales_order (id, cust_id, order_date, fin_code_id, region, sales_rep) VALUES (2510, 134, '2020-08-04 00:00:00', 'r1', 'Central', 949);
	INSERT INTO sales_order (id, cust_id, order_date, fin_code_id, region, sales_rep) VALUES (2511, 176, '2020-08-05 00:00:00', 'r1', 'Eastern', 856);
	INSERT INTO sales_order (id, cust_id, order_date, fin_code_id, region, sales_rep) VALUES (2512, 135, '2020-08-05 00:00:00', 'r1', 'Eastern', 195);
	INSERT INTO sales_order (id, cust_id, order_date, fin_code_id, region, sales_rep) VALUES (2513, 175, '2020-08-06 00:00:00', 'r1', 'Canada', 299);
	INSERT INTO sales_order (id, cust_id, order_date, fin_code_id, region, sales_rep) VALUES (2514, 136, '2020-08-09 00:00:00', 'r1', 'Central', 667);
	INSERT INTO sales_order (id, cust_id, order_date, fin_code_id, region, sales_rep) VALUES (2515, 174, '2020-08-09 00:00:00', 'r1', 'Central', 195);
	INSERT INTO sales_order (id, cust_id, order_date, fin_code_id, region, sales_rep) VALUES (2516, 137, '2020-08-10 00:00:00', 'r1', 'Central', 1142);
	INSERT INTO sales_order (id, cust_id, order_date, fin_code_id, region, sales_rep) VALUES (2517, 173, '2020-08-10 00:00:00', 'r1', 'Eastern', 129);
	INSERT INTO sales_order (id, cust_id, order_date, fin_code_id, region, sales_rep) VALUES (2518, 138, '2020-08-11 00:00:00', 'r1', 'Canada', 195);
	INSERT INTO sales_order (id, cust_id, order_date, fin_code_id, region, sales_rep) VALUES (2519, 172, '2020-08-11 00:00:00', 'r1', 'Eastern', 690);
	INSERT INTO sales_order (id, cust_id, order_date, fin_code_id, region, sales_rep) VALUES (2520, 139, '2020-08-12 00:00:00', 'r1', 'Eastern', 1596);
	INSERT INTO sales_order (id, cust_id, order_date, fin_code_id, region, sales_rep) VALUES (2521, 171, '2020-08-12 00:00:00', 'r1', 'Central', 299);
	INSERT INTO sales_order (id, cust_id, order_date, fin_code_id, region, sales_rep) VALUES (2522, 140, '2020-08-12 00:00:00', 'r1', 'Western', 195);
	INSERT INTO sales_order (id, cust_id, order_date, fin_code_id, region, sales_rep) VALUES (2523, 170, '2020-08-16 00:00:00', 'r1', 'South', 129);
	INSERT INTO sales_order (id, cust_id, order_date, fin_code_id, region, sales_rep) VALUES (2524, 133, '2020-08-17 00:00:00', 'r1', 'Western', 299);
	INSERT INTO sales_order (id, cust_id, order_date, fin_code_id, region, sales_rep) VALUES (2525, 169, '2020-08-18 00:00:00', 'r1', 'South', 949);
	INSERT INTO sales_order (id, cust_id, order_date, fin_code_id, region, sales_rep) VALUES (2526, 134, '2020-08-19 00:00:00', 'r1', 'Central', 467);
	INSERT INTO sales_order (id, cust_id, order_date, fin_code_id, region, sales_rep) VALUES (2527, 168, '2020-08-19 00:00:00', 'r1', 'Western', 949);
	INSERT INTO sales_order (id, cust_id, order_date, fin_code_id, region, sales_rep) VALUES (2528, 135, '2020-08-20 00:00:00', 'r1', 'Eastern', 195);
	INSERT INTO sales_order (id, cust_id, order_date, fin_code_id, region, sales_rep) VALUES (2529, 167, '2020-08-23 00:00:00', 'r1', 'Central', 856);
	INSERT INTO sales_order (id, cust_id, order_date, fin_code_id, region, sales_rep) VALUES (2530, 136, '2020-08-23 00:00:00', 'r1', 'Central', 299);
	INSERT INTO sales_order (id, cust_id, order_date, fin_code_id, region, sales_rep) VALUES (2531, 166, '2020-08-24 00:00:00', 'r1', 'South', 667);
	INSERT INTO sales_order (id, cust_id, order_date, fin_code_id, region, sales_rep) VALUES (2532, 137, '2020-08-24 00:00:00', 'r1', 'Central', 129);
	INSERT INTO sales_order (id, cust_id, order_date, fin_code_id, region, sales_rep) VALUES (2533, 165, '2020-08-25 00:00:00', 'r1', 'Central', 1142);
	INSERT INTO sales_order (id, cust_id, order_date, fin_code_id, region, sales_rep) VALUES (2534, 138, '2020-08-25 00:00:00', 'r1', 'Canada', 690);
	INSERT INTO sales_order (id, cust_id, order_date, fin_code_id, region, sales_rep) VALUES (2535, 164, '2020-08-26 00:00:00', 'r1', 'Eastern', 1596);
	INSERT INTO sales_order (id, cust_id, order_date, fin_code_id, region, sales_rep) VALUES (2536, 139, '2020-08-26 00:00:00', 'r1', 'Eastern', 195);
	INSERT INTO sales_order (id, cust_id, order_date, fin_code_id, region, sales_rep) VALUES (2537, 163, '2020-08-27 00:00:00', 'r1', 'Canada', 902);
	INSERT INTO sales_order (id, cust_id, order_date, fin_code_id, region, sales_rep) VALUES (2538, 142, '2020-08-30 00:00:00', 'r1', 'Central', 299);
	INSERT INTO sales_order (id, cust_id, order_date, fin_code_id, region, sales_rep) VALUES (2539, 162, '2020-08-30 00:00:00', 'r1', 'Central', 467);
	INSERT INTO sales_order (id, cust_id, order_date, fin_code_id, region, sales_rep) VALUES (2540, 143, '2020-08-31 00:00:00', 'r1', 'Canada', 949);
	INSERT INTO sales_order (id, cust_id, order_date, fin_code_id, region, sales_rep) VALUES (2541, 161, '2020-08-31 00:00:00', 'r1', 'Eastern', 902);
	INSERT INTO sales_order (id, cust_id, order_date, fin_code_id, region, sales_rep) VALUES (2542, 160, '2020-09-01 00:00:00', 'r1', 'Eastern', 902);
	INSERT INTO sales_order (id, cust_id, order_date, fin_code_id, region, sales_rep) VALUES (2543, 144, '2020-09-01 00:00:00', 'r1', 'Eastern', 856);
	INSERT INTO sales_order (id, cust_id, order_date, fin_code_id, region, sales_rep) VALUES (2544, 159, '2020-09-02 00:00:00', 'r1', 'Central', 299);
	INSERT INTO sales_order (id, cust_id, order_date, fin_code_id, region, sales_rep) VALUES (2545, 145, '2020-09-02 00:00:00', 'r1', 'Eastern', 667);
	INSERT INTO sales_order (id, cust_id, order_date, fin_code_id, region, sales_rep) VALUES (2546, 158, '2020-09-03 00:00:00', 'r1', 'Eastern', 902);
	INSERT INTO sales_order (id, cust_id, order_date, fin_code_id, region, sales_rep) VALUES (2547, 146, '2020-09-03 00:00:00', 'r1', 'Western', 1142);
	INSERT INTO sales_order (id, cust_id, order_date, fin_code_id, region, sales_rep) VALUES (2548, 157, '2020-09-03 00:00:00', 'r1', 'Central', 129);
	INSERT INTO sales_order (id, cust_id, order_date, fin_code_id, region, sales_rep) VALUES (2549, 147, '2020-09-06 00:00:00', 'r1', 'Eastern', 195);
	INSERT INTO sales_order (id, cust_id, order_date, fin_code_id, region, sales_rep) VALUES (2550, 156, '2020-09-06 00:00:00', 'r1', 'Central', 690);
	INSERT INTO sales_order (id, cust_id, order_date, fin_code_id, region, sales_rep) VALUES (2551, 148, '2020-09-07 00:00:00', 'r1', 'Canada', 1596);
	INSERT INTO sales_order (id, cust_id, order_date, fin_code_id, region, sales_rep) VALUES (2552, 155, '2020-09-08 00:00:00', 'r1', 'Central', 299);
	INSERT INTO sales_order (id, cust_id, order_date, fin_code_id, region, sales_rep) VALUES (2553, 148, '2020-09-08 00:00:00', 'r1', 'Canada', 467);
	INSERT INTO sales_order (id, cust_id, order_date, fin_code_id, region, sales_rep) VALUES (2554, 154, '2020-09-09 00:00:00', 'r1', 'South', 949);
	INSERT INTO sales_order (id, cust_id, order_date, fin_code_id, region, sales_rep) VALUES (2555, 149, '2020-09-09 00:00:00', 'r1', 'Canada', 902);
	INSERT INTO sales_order (id, cust_id, order_date, fin_code_id, region, sales_rep) VALUES (2556, 153, '2020-09-09 00:00:00', 'r1', 'Central', 856);
	INSERT INTO sales_order (id, cust_id, order_date, fin_code_id, region, sales_rep) VALUES (2557, 150, '2020-09-10 00:00:00', 'r1', 'Canada', 299);
	INSERT INTO sales_order (id, cust_id, order_date, fin_code_id, region, sales_rep) VALUES (2558, 152, '2020-09-10 00:00:00', 'r1', 'Eastern', 667);
	INSERT INTO sales_order (id, cust_id, order_date, fin_code_id, region, sales_rep) VALUES (2559, 151, '2020-09-13 00:00:00', 'r1', 'Central', 1142);
	INSERT INTO sales_order (id, cust_id, order_date, fin_code_id, region, sales_rep) VALUES (2560, 101, '2020-09-14 00:00:00', 'r1', 'Eastern', 129);
	INSERT INTO sales_order (id, cust_id, order_date, fin_code_id, region, sales_rep) VALUES (2561, 209, '2020-09-14 00:00:00', 'r1', 'Western', 195);
	INSERT INTO sales_order (id, cust_id, order_date, fin_code_id, region, sales_rep) VALUES (2562, 102, '2020-09-15 00:00:00', 'r1', 'Eastern', 690);
	INSERT INTO sales_order (id, cust_id, order_date, fin_code_id, region, sales_rep) VALUES (2563, 208, '2020-09-15 00:00:00', 'r1', 'Eastern', 1596);
	INSERT INTO sales_order (id, cust_id, order_date, fin_code_id, region, sales_rep) VALUES (2564, 103, '2020-09-16 00:00:00', 'r1', 'Eastern', 299);
	INSERT INTO sales_order (id, cust_id, order_date, fin_code_id, region, sales_rep) VALUES (2565, 207, '2020-09-16 00:00:00', 'r1', 'Central', 467);
	INSERT INTO sales_order (id, cust_id, order_date, fin_code_id, region, sales_rep) VALUES (2566, 104, '2020-09-20 00:00:00', 'r1', 'South', 949);
	INSERT INTO sales_order (id, cust_id, order_date, fin_code_id, region, sales_rep) VALUES (2567, 206, '2020-09-20 00:00:00', 'r1', 'Eastern', 902);
	INSERT INTO sales_order (id, cust_id, order_date, fin_code_id, region, sales_rep) VALUES (2568, 105, '2020-09-21 00:00:00', 'r1', 'Central', 856);
	INSERT INTO sales_order (id, cust_id, order_date, fin_code_id, region, sales_rep) VALUES (2569, 205, '2020-09-21 00:00:00', 'r1', 'Eastern', 299);
	INSERT INTO sales_order (id, cust_id, order_date, fin_code_id, region, sales_rep) VALUES (2570, 106, '2020-09-22 00:00:00', 'r1', 'Eastern', 667);
	INSERT INTO sales_order (id, cust_id, order_date, fin_code_id, region, sales_rep) VALUES (2571, 204, '2020-09-22 00:00:00', 'r1', 'Central', 129);
	INSERT INTO sales_order (id, cust_id, order_date, fin_code_id, region, sales_rep) VALUES (2572, 107, '2020-09-22 00:00:00', 'r1', 'South', 1142);
	INSERT INTO sales_order (id, cust_id, order_date, fin_code_id, region, sales_rep) VALUES (2573, 203, '2020-09-23 00:00:00', 'r1', 'Central', 195);
	INSERT INTO sales_order (id, cust_id, order_date, fin_code_id, region, sales_rep) VALUES (2574, 108, '2020-09-23 00:00:00', 'r1', 'South', 690);
	INSERT INTO sales_order (id, cust_id, order_date, fin_code_id, region, sales_rep) VALUES (2575, 202, '2020-09-24 00:00:00', 'r1', 'Eastern', 299);
	INSERT INTO sales_order (id, cust_id, order_date, fin_code_id, region, sales_rep) VALUES (2576, 109, '2020-09-24 00:00:00', 'r1', 'Canada', 667);
	INSERT INTO sales_order (id, cust_id, order_date, fin_code_id, region, sales_rep) VALUES (2577, 201, '2020-09-27 00:00:00', 'r1', 'Central', 129);
	INSERT INTO sales_order (id, cust_id, order_date, fin_code_id, region, sales_rep) VALUES (2578, 110, '2020-09-27 00:00:00', 'r1', 'Central', 1142);
	INSERT INTO sales_order (id, cust_id, order_date, fin_code_id, region, sales_rep) VALUES (2579, 133, '2020-09-29 00:00:00', 'r1', 'Western', 195);
	INSERT INTO sales_order (id, cust_id, order_date, fin_code_id, region, sales_rep) VALUES (2580, 200, '2020-09-28 00:00:00', 'r1', 'Eastern', 195);
	INSERT INTO sales_order (id, cust_id, order_date, fin_code_id, region, sales_rep) VALUES (2581, 111, '2020-09-29 00:00:00', 'r1', 'Eastern', 690);
	INSERT INTO sales_order (id, cust_id, order_date, fin_code_id, region, sales_rep) VALUES (2582, 209, '2019-09-30 00:00:00', 'r1', 'Western', 299);
	INSERT INTO sales_order (id, cust_id, order_date, fin_code_id, region, sales_rep) VALUES (2583, 101, '2020-10-04 00:00:00', 'r1', 'Eastern', 902);
	INSERT INTO sales_order (id, cust_id, order_date, fin_code_id, region, sales_rep) VALUES (2584, 208, '2020-10-05 00:00:00', 'r1', 'Eastern', 467);
	INSERT INTO sales_order (id, cust_id, order_date, fin_code_id, region, sales_rep) VALUES (2585, 102, '2020-10-07 00:00:00', 'r1', 'Eastern', 467);
	INSERT INTO sales_order (id, cust_id, order_date, fin_code_id, region, sales_rep) VALUES (2586, 207, '2020-10-08 00:00:00', 'r1', 'Central', 949);
	INSERT INTO sales_order (id, cust_id, order_date, fin_code_id, region, sales_rep) VALUES (2587, 103, '2020-10-11 00:00:00', 'r1', 'Eastern', 902);
	INSERT INTO sales_order (id, cust_id, order_date, fin_code_id, region, sales_rep) VALUES (2588, 206, '2020-10-12 00:00:00', 'r1', 'Eastern', 195);
	INSERT INTO sales_order (id, cust_id, order_date, fin_code_id, region, sales_rep) VALUES (2589, 104, '2020-10-12 00:00:00', 'r1', 'South', 1142);
	INSERT INTO sales_order (id, cust_id, order_date, fin_code_id, region, sales_rep) VALUES (2590, 205, '2020-10-13 00:00:00', 'r1', 'Eastern', 129);
	INSERT INTO sales_order (id, cust_id, order_date, fin_code_id, region, sales_rep) VALUES (2591, 105, '2020-10-13 00:00:00', 'r1', 'Central', 195);
	INSERT INTO sales_order (id, cust_id, order_date, fin_code_id, region, sales_rep) VALUES (2592, 204, '2020-10-13 00:00:00', 'r1', 'Central', 690);
	INSERT INTO sales_order (id, cust_id, order_date, fin_code_id, region, sales_rep) VALUES (2593, 106, '2020-10-15 00:00:00', 'r1', 'Eastern', 1596);
	INSERT INTO sales_order (id, cust_id, order_date, fin_code_id, region, sales_rep) VALUES (2594, 203, '2020-10-15 00:00:00', 'r1', 'Central', 299);
	INSERT INTO sales_order (id, cust_id, order_date, fin_code_id, region, sales_rep) VALUES (2595, 107, '2020-10-15 00:00:00', 'r1', 'South', 467);
	INSERT INTO sales_order (id, cust_id, order_date, fin_code_id, region, sales_rep) VALUES (2596, 202, '2020-10-18 00:00:00', 'r1', 'Eastern', 949);
	INSERT INTO sales_order (id, cust_id, order_date, fin_code_id, region, sales_rep) VALUES (2597, 108, '2020-10-18 00:00:00', 'r1', 'South', 902);
	INSERT INTO sales_order (id, cust_id, order_date, fin_code_id, region, sales_rep) VALUES (2598, 201, '2020-10-19 00:00:00', 'r1', 'Central', 856);
	INSERT INTO sales_order (id, cust_id, order_date, fin_code_id, region, sales_rep) VALUES (2599, 109, '2020-10-19 00:00:00', 'r1', 'Canada', 299);
	INSERT INTO sales_order (id, cust_id, order_date, fin_code_id, region, sales_rep) VALUES (2600, 200, '2020-10-19 00:00:00', 'r1', 'Eastern', 667);
	INSERT INTO sales_order (id, cust_id, order_date, fin_code_id, region, sales_rep) VALUES (2601, 110, '2020-10-20 00:00:00', 'r1', 'Central', 1142);
	INSERT INTO sales_order (id, cust_id, order_date, fin_code_id, region, sales_rep) VALUES (2602, 199, '2020-10-20 00:00:00', 'r1', 'Eastern', 129);
	INSERT INTO sales_order (id, cust_id, order_date, fin_code_id, region, sales_rep) VALUES (2603, 111, '2020-10-21 00:00:00', 'r1', 'Eastern', 690);
	INSERT INTO sales_order (id, cust_id, order_date, fin_code_id, region, sales_rep) VALUES (2604, 198, '2020-10-22 00:00:00', 'r1', 'Western', 1596);
	INSERT INTO sales_order (id, cust_id, order_date, fin_code_id, region, sales_rep) VALUES (2605, 112, '2020-10-22 00:00:00', 'r1', 'Central', 299);
	INSERT INTO sales_order (id, cust_id, order_date, fin_code_id, region, sales_rep) VALUES (2606, 197, '2020-10-25 00:00:00', 'r1', 'South', 467);
	INSERT INTO sales_order (id, cust_id, order_date, fin_code_id, region, sales_rep) VALUES (2607, 113, '2020-10-25 00:00:00', 'r1', 'Central', 949);
	INSERT INTO sales_order (id, cust_id, order_date, fin_code_id, region, sales_rep) VALUES (2608, 196, '2020-10-25 00:00:00', 'r1', 'Canada', 902);
	INSERT INTO sales_order (id, cust_id, order_date, fin_code_id, region, sales_rep) VALUES (2609, 114, '2020-10-26 00:00:00', 'r1', 'Central', 856);
	INSERT INTO sales_order (id, cust_id, order_date, fin_code_id, region, sales_rep) VALUES (2610, 195, '2020-10-26 00:00:00', 'r1', 'South', 299);
	INSERT INTO sales_order (id, cust_id, order_date, fin_code_id, region, sales_rep) VALUES (2611, 115, '2020-10-27 00:00:00', 'r1', 'Central', 667);
	INSERT INTO sales_order (id, cust_id, order_date, fin_code_id, region, sales_rep) VALUES (2612, 194, '2020-10-27 00:00:00', 'r1', 'Eastern', 129);
	INSERT INTO sales_order (id, cust_id, order_date, fin_code_id, region, sales_rep) VALUES (2613, 116, '2020-10-28 00:00:00', 'r1', 'Eastern', 1142);
	INSERT INTO sales_order (id, cust_id, order_date, fin_code_id, region, sales_rep) VALUES (2614, 193, '2020-10-28 00:00:00', 'r1', 'Central', 690);
	INSERT INTO sales_order (id, cust_id, order_date, fin_code_id, region, sales_rep) VALUES (2615, 117, '2020-10-28 00:00:00', 'r1', 'Central', 1596);
	INSERT INTO sales_order (id, cust_id, order_date, fin_code_id, region, sales_rep) VALUES (2616, 192, '2020-10-29 00:00:00', 'r1', 'Central', 299);
	INSERT INTO sales_order (id, cust_id, order_date, fin_code_id, region, sales_rep) VALUES (2617, 118, '2020-11-02 00:00:00', 'r1', 'South', 467);
	INSERT INTO sales_order (id, cust_id, order_date, fin_code_id, region, sales_rep) VALUES (2618, 191, '2020-11-02 00:00:00', 'r1', 'South', 902);
	INSERT INTO sales_order (id, cust_id, order_date, fin_code_id, region, sales_rep) VALUES (2619, 119, '2020-11-03 00:00:00', 'r1', 'Western', 856);
	INSERT INTO sales_order (id, cust_id, order_date, fin_code_id, region, sales_rep) VALUES (2620, 190, '2020-11-03 00:00:00', 'r1', 'Central', 299);
	INSERT INTO sales_order (id, cust_id, order_date, fin_code_id, region, sales_rep) VALUES (2621, 120, '2020-11-04 00:00:00', 'r1', 'Eastern', 667);
	INSERT INTO sales_order (id, cust_id, order_date, fin_code_id, region, sales_rep) VALUES (2622, 189, '2020-11-04 00:00:00', 'r1', 'Eastern', 1142);
	INSERT INTO sales_order (id, cust_id, order_date, fin_code_id, region, sales_rep) VALUES (2623, 121, '2020-11-05 00:00:00', 'r1', 'Central', 129);
	INSERT INTO sales_order (id, cust_id, order_date, fin_code_id, region, sales_rep) VALUES (2624, 188, '2020-11-05 00:00:00', 'r1', 'Central', 195);
	INSERT INTO sales_order (id, cust_id, order_date, fin_code_id, region, sales_rep) VALUES (2625, 122, '2020-11-08 00:00:00', 'r1', 'Eastern', 690);
	INSERT INTO sales_order (id, cust_id, order_date, fin_code_id, region, sales_rep) VALUES (2626, 187, '2020-11-08 00:00:00', 'r1', 'Central', 1596);
	INSERT INTO sales_order (id, cust_id, order_date, fin_code_id, region, sales_rep) VALUES (2627, 123, '2020-11-09 00:00:00', 'r1', 'Canada', 299);
	INSERT INTO sales_order (id, cust_id, order_date, fin_code_id, region, sales_rep) VALUES (2628, 186, '2020-11-09 00:00:00', 'r1', 'Central', 467);
	INSERT INTO sales_order (id, cust_id, order_date, fin_code_id, region, sales_rep) VALUES (2629, 124, '2020-11-10 00:00:00', 'r1', 'Eastern', 949);
	INSERT INTO sales_order (id, cust_id, order_date, fin_code_id, region, sales_rep) VALUES (2630, 185, '2020-11-10 00:00:00', 'r1', 'Eastern', 902);
	INSERT INTO sales_order (id, cust_id, order_date, fin_code_id, region, sales_rep) VALUES (2631, 125, '2020-11-11 00:00:00', 'r1', 'Central', 856);
	INSERT INTO sales_order (id, cust_id, order_date, fin_code_id, region, sales_rep) VALUES (2632, 184, '2020-11-11 00:00:00', 'r1', 'Central', 299);
	INSERT INTO sales_order (id, cust_id, order_date, fin_code_id, region, sales_rep) VALUES (2633, 126, '2020-11-12 00:00:00', 'r1', 'Western', 667);
	INSERT INTO sales_order (id, cust_id, order_date, fin_code_id, region, sales_rep) VALUES (2634, 183, '2020-11-12 00:00:00', 'r1', 'South', 1142);
	INSERT INTO sales_order (id, cust_id, order_date, fin_code_id, region, sales_rep) VALUES (2635, 127, '2020-11-15 00:00:00', 'r1', 'South', 129);
	INSERT INTO sales_order (id, cust_id, order_date, fin_code_id, region, sales_rep) VALUES (2636, 182, '2020-11-16 00:00:00', 'r1', 'Western', 195);
	INSERT INTO sales_order (id, cust_id, order_date, fin_code_id, region, sales_rep) VALUES (2637, 128, '2020-11-16 00:00:00', 'r1', 'Eastern', 690);
	INSERT INTO sales_order (id, cust_id, order_date, fin_code_id, region, sales_rep) VALUES (2638, 181, '2020-11-17 00:00:00', 'r1', 'Eastern', 1596);
	INSERT INTO sales_order (id, cust_id, order_date, fin_code_id, region, sales_rep) VALUES (2639, 129, '2020-11-17 00:00:00', 'r1', 'Eastern', 299);
	INSERT INTO sales_order (id, cust_id, order_date, fin_code_id, region, sales_rep) VALUES (2640, 180, '2020-11-18 00:00:00', 'r1', 'Eastern', 467);
	INSERT INTO sales_order (id, cust_id, order_date, fin_code_id, region, sales_rep) VALUES (2641, 130, '2020-11-18 00:00:00', 'r1', 'Central', 949);
	INSERT INTO sales_order (id, cust_id, order_date, fin_code_id, region, sales_rep) VALUES (2642, 179, '2020-11-19 00:00:00', 'r1', 'South', 902);
	INSERT INTO sales_order (id, cust_id, order_date, fin_code_id, region, sales_rep) VALUES (2643, 129, '2020-11-19 00:00:00', 'r1', 'Eastern', 856);
	INSERT INTO sales_order (id, cust_id, order_date, fin_code_id, region, sales_rep) VALUES (2644, 178, '2020-11-23 00:00:00', 'r1', 'Eastern', 299);
	INSERT INTO sales_order (id, cust_id, order_date, fin_code_id, region, sales_rep) VALUES (2645, 130, '2020-11-23 00:00:00', 'r1', 'Central', 667);
	INSERT INTO sales_order (id, cust_id, order_date, fin_code_id, region, sales_rep) VALUES (2646, 177, '2020-11-24 00:00:00', 'r1', 'South', 1142);
	INSERT INTO sales_order (id, cust_id, order_date, fin_code_id, region, sales_rep) VALUES (2647, 131, '2020-11-24 00:00:00', 'r1', 'Eastern', 129);
	INSERT INTO sales_order (id, cust_id, order_date, fin_code_id, region, sales_rep) VALUES (2648, 176, '2020-11-25 00:00:00', 'r1', 'Eastern', 195);
	INSERT INTO sales_order (id, cust_id, order_date, fin_code_id, region, sales_rep) VALUES (2649, 132, '2020-11-25 00:00:00', 'r1', 'Central', 690);
	INSERT INTO sales_order (id, cust_id, order_date, fin_code_id, region, sales_rep) VALUES (2650, 175, '2020-11-26 00:00:00', 'r1', 'Canada', 1596);
	INSERT INTO sales_order (id, cust_id, order_date, fin_code_id, region, sales_rep) VALUES (2651, 133, '2020-11-26 00:00:00', 'r1', 'Western', 299);
	INSERT INTO sales_order (id, cust_id, order_date, fin_code_id, region, sales_rep) VALUES (2652, 174, '2020-11-26 00:00:00', 'r1', 'Central', 902);
	INSERT INTO sales_order (id, cust_id, order_date, fin_code_id, region, sales_rep) VALUES (2653, 102, '2021-10-17 00:00:00', 'e3', 'Eastern', 148);
	INSERT INTO sales_order (id, cust_id, order_date, fin_code_id, region, sales_rep) VALUES (2654, 105, '2021-10-29 00:00:00', 'e2', 'South', 148);
	
	INSERT INTO sales_order_item (id, line_id, prod_id, quantity, ship_date) VALUES (2001, 1, 300, 12, '2019-09-15 00:00:00');
	INSERT INTO sales_order_item (id, line_id, prod_id, quantity, ship_date) VALUES (2001, 2, 301, 12, '2019-09-14 00:00:00');
	INSERT INTO sales_order_item (id, line_id, prod_id, quantity, ship_date) VALUES (2001, 3, 302, 12, '2019-09-14 00:00:00');
	INSERT INTO sales_order_item (id, line_id, prod_id, quantity, ship_date) VALUES (2002, 1, 400, 24, '2019-09-18 00:00:00');
	INSERT INTO sales_order_item (id, line_id, prod_id, quantity, ship_date) VALUES (2002, 2, 401, 24, '2019-09-18 00:00:00');
	INSERT INTO sales_order_item (id, line_id, prod_id, quantity, ship_date) VALUES (2003, 1, 500, 12, '2019-09-23 00:00:00');
	INSERT INTO sales_order_item (id, line_id, prod_id, quantity, ship_date) VALUES (2003, 2, 501, 12, '2019-09-23 00:00:00');
	INSERT INTO sales_order_item (id, line_id, prod_id, quantity, ship_date) VALUES (2003, 3, 400, 12, '2019-09-23 00:00:00');
	INSERT INTO sales_order_item (id, line_id, prod_id, quantity, ship_date) VALUES (2004, 1, 600, 48, '2019-09-23 00:00:00');
	INSERT INTO sales_order_item (id, line_id, prod_id, quantity, ship_date) VALUES (2004, 2, 601, 48, '2019-09-23 00:00:00');
	INSERT INTO sales_order_item (id, line_id, prod_id, quantity, ship_date) VALUES (2005, 1, 700, 12, '2020-09-24 00:00:00');
	INSERT INTO sales_order_item (id, line_id, prod_id, quantity, ship_date) VALUES (2006, 1, 300, 48, '2020-09-28 00:00:00');
	INSERT INTO sales_order_item (id, line_id, prod_id, quantity, ship_date) VALUES (2007, 1, 301, 24, '2020-09-30 00:00:00');
	INSERT INTO sales_order_item (id, line_id, prod_id, quantity, ship_date) VALUES (2008, 1, 302, 12, '2020-10-01 00:00:00');
	INSERT INTO sales_order_item (id, line_id, prod_id, quantity, ship_date) VALUES (2009, 1, 400, 12, '2020-10-04 00:00:00');
	INSERT INTO sales_order_item (id, line_id, prod_id, quantity, ship_date) VALUES (2010, 1, 401, 12, '2020-10-05 00:00:00');
	INSERT INTO sales_order_item (id, line_id, prod_id, quantity, ship_date) VALUES (2011, 1, 500, 36, '2020-10-07 00:00:00');
	INSERT INTO sales_order_item (id, line_id, prod_id, quantity, ship_date) VALUES (2012, 1, 501, 12, '2020-10-06 00:00:00');
	INSERT INTO sales_order_item (id, line_id, prod_id, quantity, ship_date) VALUES (2013, 1, 600, 24, '2020-10-11 00:00:00');
	INSERT INTO sales_order_item (id, line_id, prod_id, quantity, ship_date) VALUES (2013, 2, 601, 24, '2020-10-11 00:00:00');
	INSERT INTO sales_order_item (id, line_id, prod_id, quantity, ship_date) VALUES (2014, 1, 700, 36, '2020-10-07 00:00:00');
	INSERT INTO sales_order_item (id, line_id, prod_id, quantity, ship_date) VALUES (2015, 1, 300, 24, '2020-10-06 00:00:00');
	INSERT INTO sales_order_item (id, line_id, prod_id, quantity, ship_date) VALUES (2015, 2, 301, 24, '2020-10-06 00:00:00');
	INSERT INTO sales_order_item (id, line_id, prod_id, quantity, ship_date) VALUES (2015, 3, 302, 24, '2020-10-06 00:00:00');
	INSERT INTO sales_order_item (id, line_id, prod_id, quantity, ship_date) VALUES (2015, 4, 700, 24, '2020-10-06 00:00:00');
	INSERT INTO sales_order_item (id, line_id, prod_id, quantity, ship_date) VALUES (2016, 2, 401, 12, '2019-10-08 00:00:00');
	INSERT INTO sales_order_item (id, line_id, prod_id, quantity, ship_date) VALUES (2016, 3, 500, 12, '2020-10-08 00:00:00');
	INSERT INTO sales_order_item (id, line_id, prod_id, quantity, ship_date) VALUES (2016, 4, 501, 12, '2019-10-08 00:00:00');
	INSERT INTO sales_order_item (id, line_id, prod_id, quantity, ship_date) VALUES (2017, 1, 302, 48, '2020-09-07 00:00:00');
	INSERT INTO sales_order_item (id, line_id, prod_id, quantity, ship_date) VALUES (2017, 2, 600, 48, '2020-10-08 00:00:00');
	INSERT INTO sales_order_item (id, line_id, prod_id, quantity, ship_date) VALUES (2017, 3, 601, 48, '2020-10-08 00:00:00');
	INSERT INTO sales_order_item (id, line_id, prod_id, quantity, ship_date) VALUES (2018, 1, 700, 60, '2020-09-08 00:00:00');
	INSERT INTO sales_order_item (id, line_id, prod_id, quantity, ship_date) VALUES (2019, 1, 300, 12, '2019-08-13 00:00:00');
	INSERT INTO sales_order_item (id, line_id, prod_id, quantity, ship_date) VALUES (2020, 1, 700, 24, '2020-09-03 00:00:00');
	INSERT INTO sales_order_item (id, line_id, prod_id, quantity, ship_date) VALUES (2021, 1, 600, 12, '2020-10-08 00:00:00');
	INSERT INTO sales_order_item (id, line_id, prod_id, quantity, ship_date) VALUES (2022, 1, 500, 24, '2020-11-04 00:00:00');
	INSERT INTO sales_order_item (id, line_id, prod_id, quantity, ship_date) VALUES (2023, 1, 401, 24, '2020-12-08 00:00:00');
	INSERT INTO sales_order_item (id, line_id, prod_id, quantity, ship_date) VALUES (2024, 1, 302, 36, '2021-01-11 00:00:00');
	INSERT INTO sales_order_item (id, line_id, prod_id, quantity, ship_date) VALUES (2025, 1, 501, 12, '2020-11-02 00:00:00');
	INSERT INTO sales_order_item (id, line_id, prod_id, quantity, ship_date) VALUES (2026, 1, 301, 48, '2020-08-04 00:00:00');
	INSERT INTO sales_order_item (id, line_id, prod_id, quantity, ship_date) VALUES (2026, 2, 700, 48, '2020-08-04 00:00:00');
	INSERT INTO sales_order_item (id, line_id, prod_id, quantity, ship_date) VALUES (2027, 1, 401, 12, '2020-12-16 00:00:00');
	INSERT INTO sales_order_item (id, line_id, prod_id, quantity, ship_date) VALUES (2028, 1, 601, 24, '2019-12-31 00:00:00');
	INSERT INTO sales_order_item (id, line_id, prod_id, quantity, ship_date) VALUES (2029, 1, 302, 48, '2019-12-14 00:00:00');
	INSERT INTO sales_order_item (id, line_id, prod_id, quantity, ship_date) VALUES (2030, 1, 300, 24, '2020-10-06 00:00:00');
	INSERT INTO sales_order_item (id, line_id, prod_id, quantity, ship_date) VALUES (2030, 2, 301, 24, '2020-10-06 00:00:00');
	INSERT INTO sales_order_item (id, line_id, prod_id, quantity, ship_date) VALUES (2030, 3, 302, 24, '2020-10-06 00:00:00');
	INSERT INTO sales_order_item (id, line_id, prod_id, quantity, ship_date) VALUES (2030, 4, 700, 24, '2020-10-06 00:00:00');
	INSERT INTO sales_order_item (id, line_id, prod_id, quantity, ship_date) VALUES (2031, 1, 400, 48, '2019-12-01 00:00:00');
	INSERT INTO sales_order_item (id, line_id, prod_id, quantity, ship_date) VALUES (2031, 2, 401, 48, '2020-12-01 00:00:00');
	INSERT INTO sales_order_item (id, line_id, prod_id, quantity, ship_date) VALUES (2032, 1, 501, 60, '2021-01-05 00:00:00');
	INSERT INTO sales_order_item (id, line_id, prod_id, quantity, ship_date) VALUES (2033, 1, 400, 24, '2020-08-16 00:00:00');
	INSERT INTO sales_order_item (id, line_id, prod_id, quantity, ship_date) VALUES (2033, 2, 401, 24, '2019-08-14 00:00:00');
	INSERT INTO sales_order_item (id, line_id, prod_id, quantity, ship_date) VALUES (2035, 1, 501, 36, '2020-10-29 00:00:00');
	INSERT INTO sales_order_item (id, line_id, prod_id, quantity, ship_date) VALUES (2036, 1, 600, 12, '2020-07-07 00:00:00');
	INSERT INTO sales_order_item (id, line_id, prod_id, quantity, ship_date) VALUES (2037, 1, 601, 12, '2019-07-28 00:00:00');
	INSERT INTO sales_order_item (id, line_id, prod_id, quantity, ship_date) VALUES (2038, 1, 700, 60, '2020-08-05 00:00:00');
	INSERT INTO sales_order_item (id, line_id, prod_id, quantity, ship_date) VALUES (2039, 1, 300, 12, '2019-08-31 00:00:00');
	INSERT INTO sales_order_item (id, line_id, prod_id, quantity, ship_date) VALUES (2040, 1, 301, 24, '2020-10-26 00:00:00');
	INSERT INTO sales_order_item (id, line_id, prod_id, quantity, ship_date) VALUES (2041, 1, 302, 36, '2020-11-01 00:00:00');
	INSERT INTO sales_order_item (id, line_id, prod_id, quantity, ship_date) VALUES (2042, 1, 400, 12, '2020-08-27 00:00:00');
	INSERT INTO sales_order_item (id, line_id, prod_id, quantity, ship_date) VALUES (2043, 1, 401, 36, '2020-09-20 00:00:00');
	INSERT INTO sales_order_item (id, line_id, prod_id, quantity, ship_date) VALUES (2044, 1, 500, 48, '2020-01-15 00:00:00');
	INSERT INTO sales_order_item (id, line_id, prod_id, quantity, ship_date) VALUES (2045, 1, 501, 36, '2020-01-04 00:00:00');
	INSERT INTO sales_order_item (id, line_id, prod_id, quantity, ship_date) VALUES (2046, 1, 600, 12, '2020-08-03 00:00:00');
	INSERT INTO sales_order_item (id, line_id, prod_id, quantity, ship_date) VALUES (2047, 1, 601, 24, '2020-09-10 00:00:00');
	INSERT INTO sales_order_item (id, line_id, prod_id, quantity, ship_date) VALUES (2048, 1, 700, 12, '2020-09-10 00:00:00');
	INSERT INTO sales_order_item (id, line_id, prod_id, quantity, ship_date) VALUES (2049, 1, 300, 24, '2020-08-19 00:00:00');
	INSERT INTO sales_order_item (id, line_id, prod_id, quantity, ship_date) VALUES (2050, 1, 301, 24, '2020-08-30 00:00:00');
	INSERT INTO sales_order_item (id, line_id, prod_id, quantity, ship_date) VALUES (2051, 1, 302, 36, '2019-11-16 00:00:00');
	INSERT INTO sales_order_item (id, line_id, prod_id, quantity, ship_date) VALUES (2052, 1, 400, 48, '2021-01-03 00:00:00');
	INSERT INTO sales_order_item (id, line_id, prod_id, quantity, ship_date) VALUES (2053, 1, 401, 60, '2020-12-29 00:00:00');
	INSERT INTO sales_order_item (id, line_id, prod_id, quantity, ship_date) VALUES (2054, 1, 500, 12, '2020-11-29 00:00:00');
	INSERT INTO sales_order_item (id, line_id, prod_id, quantity, ship_date) VALUES (2055, 1, 501, 12, '2020-09-29 00:00:00');
	INSERT INTO sales_order_item (id, line_id, prod_id, quantity, ship_date) VALUES (2056, 1, 600, 24, '2020-10-15 00:00:00');
	INSERT INTO sales_order_item (id, line_id, prod_id, quantity, ship_date) VALUES (2057, 1, 700, 24, '2020-09-20 00:00:00');
	INSERT INTO sales_order_item (id, line_id, prod_id, quantity, ship_date) VALUES (2058, 1, 300, 12, '2020-10-06 00:00:00');
	INSERT INTO sales_order_item (id, line_id, prod_id, quantity, ship_date) VALUES (2059, 1, 301, 12, '2020-10-06 00:00:00');
	INSERT INTO sales_order_item (id, line_id, prod_id, quantity, ship_date) VALUES (2060, 1, 302, 12, '2020-11-02 00:00:00');
	INSERT INTO sales_order_item (id, line_id, prod_id, quantity, ship_date) VALUES (2061, 1, 400, 24, '2020-01-19 00:00:00');
	INSERT INTO sales_order_item (id, line_id, prod_id, quantity, ship_date) VALUES (2062, 1, 401, 36, '2020-12-16 00:00:00');
	INSERT INTO sales_order_item (id, line_id, prod_id, quantity, ship_date) VALUES (2063, 1, 500, 48, '2020-12-20 00:00:00');
	INSERT INTO sales_order_item (id, line_id, prod_id, quantity, ship_date) VALUES (2064, 1, 501, 60, '2020-11-01 00:00:00');
	INSERT INTO sales_order_item (id, line_id, prod_id, quantity, ship_date) VALUES (2065, 1, 600, 12, '2019-07-07 00:00:00');
	INSERT INTO sales_order_item (id, line_id, prod_id, quantity, ship_date) VALUES (2067, 1, 700, 72, '2020-10-25 00:00:00');
	INSERT INTO sales_order_item (id, line_id, prod_id, quantity, ship_date) VALUES (2068, 1, 300, 36, '2020-11-01 00:00:00');
	INSERT INTO sales_order_item (id, line_id, prod_id, quantity, ship_date) VALUES (2069, 1, 301, 12, '2020-08-17 00:00:00');
	INSERT INTO sales_order_item (id, line_id, prod_id, quantity, ship_date) VALUES (2070, 1, 302, 24, '2019-08-31 00:00:00');
	INSERT INTO sales_order_item (id, line_id, prod_id, quantity, ship_date) VALUES (2071, 1, 400, 60, '2020-11-24 00:00:00');
	INSERT INTO sales_order_item (id, line_id, prod_id, quantity, ship_date) VALUES (2072, 1, 400, 24, '2020-11-15 00:00:00');
	INSERT INTO sales_order_item (id, line_id, prod_id, quantity, ship_date) VALUES (2073, 1, 401, 24, '2020-12-01 00:00:00');
	INSERT INTO sales_order_item (id, line_id, prod_id, quantity, ship_date) VALUES (2074, 1, 500, 12, '2021-01-20 00:00:00');
	INSERT INTO sales_order_item (id, line_id, prod_id, quantity, ship_date) VALUES (2074, 2, 501, 12, '2021-01-20 00:00:00');
	INSERT INTO sales_order_item (id, line_id, prod_id, quantity, ship_date) VALUES (2075, 1, 600, 12, '2020-08-18 00:00:00');
	INSERT INTO sales_order_item (id, line_id, prod_id, quantity, ship_date) VALUES (2076, 1, 601, 36, '2020-09-20 00:00:00');
	INSERT INTO sales_order_item (id, line_id, prod_id, quantity, ship_date) VALUES (2077, 1, 700, 48, '2020-10-06 00:00:00');
	INSERT INTO sales_order_item (id, line_id, prod_id, quantity, ship_date) VALUES (2078, 1, 300, 12, '2020-11-01 00:00:00');
	INSERT INTO sales_order_item (id, line_id, prod_id, quantity, ship_date) VALUES (2079, 1, 301, 24, '2020-10-04 00:00:00');
	INSERT INTO sales_order_item (id, line_id, prod_id, quantity, ship_date) VALUES (2080, 1, 302, 12, '2020-11-01 00:00:00');
	INSERT INTO sales_order_item (id, line_id, prod_id, quantity, ship_date) VALUES (2081, 1, 400, 36, '2019-12-04 00:00:00');
	INSERT INTO sales_order_item (id, line_id, prod_id, quantity, ship_date) VALUES (2082, 1, 401, 48, '2021-01-07 00:00:00');
	INSERT INTO sales_order_item (id, line_id, prod_id, quantity, ship_date) VALUES (2083, 1, 500, 60, '2019-07-16 00:00:00');
	INSERT INTO sales_order_item (id, line_id, prod_id, quantity, ship_date) VALUES (2084, 1, 501, 60, '2020-08-13 00:00:00');
	INSERT INTO sales_order_item (id, line_id, prod_id, quantity, ship_date) VALUES (2085, 1, 600, 24, '2019-09-11 00:00:00');
	INSERT INTO sales_order_item (id, line_id, prod_id, quantity, ship_date) VALUES (2086, 1, 601, 12, '2020-10-12 00:00:00');
	INSERT INTO sales_order_item (id, line_id, prod_id, quantity, ship_date) VALUES (2087, 1, 700, 36, '2020-11-10 00:00:00');
	INSERT INTO sales_order_item (id, line_id, prod_id, quantity, ship_date) VALUES (2089, 1, 300, 12, '2020-12-14 00:00:00');
	INSERT INTO sales_order_item (id, line_id, prod_id, quantity, ship_date) VALUES (2090, 1, 301, 24, '2021-01-14 00:00:00');
	INSERT INTO sales_order_item (id, line_id, prod_id, quantity, ship_date) VALUES (2091, 1, 302, 60, '2020-12-31 00:00:00');
	INSERT INTO sales_order_item (id, line_id, prod_id, quantity, ship_date) VALUES (2092, 1, 400, 12, '2020-07-13 00:00:00');
	INSERT INTO sales_order_item (id, line_id, prod_id, quantity, ship_date) VALUES (2093, 1, 401, 24, '2019-08-15 00:00:00');
	INSERT INTO sales_order_item (id, line_id, prod_id, quantity, ship_date) VALUES (2094, 1, 500, 24, '2020-09-15 00:00:00');
	INSERT INTO sales_order_item (id, line_id, prod_id, quantity, ship_date) VALUES (2095, 1, 300, 36, '2020-10-19 00:00:00');
	INSERT INTO sales_order_item (id, line_id, prod_id, quantity, ship_date) VALUES (2095, 2, 301, 36, '2020-10-19 00:00:00');
	INSERT INTO sales_order_item (id, line_id, prod_id, quantity, ship_date) VALUES (2096, 1, 501, 12, '2020-11-17 00:00:00');
	INSERT INTO sales_order_item (id, line_id, prod_id, quantity, ship_date) VALUES (2097, 1, 600, 48, '2019-12-21 00:00:00');
	INSERT INTO sales_order_item (id, line_id, prod_id, quantity, ship_date) VALUES (2098, 1, 601, 60, '2021-01-17 00:00:00');
	INSERT INTO sales_order_item (id, line_id, prod_id, quantity, ship_date) VALUES (2099, 1, 700, 12, '2019-07-22 00:00:00');
	INSERT INTO sales_order_item (id, line_id, prod_id, quantity, ship_date) VALUES (2100, 1, 400, 36, '2020-08-23 00:00:00');
	INSERT INTO sales_order_item (id, line_id, prod_id, quantity, ship_date) VALUES (2101, 1, 401, 24, '2019-09-22 00:00:00');
	INSERT INTO sales_order_item (id, line_id, prod_id, quantity, ship_date) VALUES (2102, 1, 500, 12, '2020-10-25 00:00:00');
	INSERT INTO sales_order_item (id, line_id, prod_id, quantity, ship_date) VALUES (2103, 1, 501, 48, '2020-11-23 00:00:00');
	INSERT INTO sales_order_item (id, line_id, prod_id, quantity, ship_date) VALUES (2104, 1, 600, 12, '2019-12-23 00:00:00');
	INSERT INTO sales_order_item (id, line_id, prod_id, quantity, ship_date) VALUES (2105, 1, 700, 24, '2021-01-24 00:00:00');
	INSERT INTO sales_order_item (id, line_id, prod_id, quantity, ship_date) VALUES (2106, 1, 300, 12, '2020-07-08 00:00:00');
	INSERT INTO sales_order_item (id, line_id, prod_id, quantity, ship_date) VALUES (2107, 1, 301, 36, '2019-08-08 00:00:00');
	INSERT INTO sales_order_item (id, line_id, prod_id, quantity, ship_date) VALUES (2109, 1, 400, 60, '2019-10-07 00:00:00');
	INSERT INTO sales_order_item (id, line_id, prod_id, quantity, ship_date) VALUES (2110, 1, 401, 24, '2020-11-09 00:00:00');
	INSERT INTO sales_order_item (id, line_id, prod_id, quantity, ship_date) VALUES (2111, 1, 500, 36, '2020-12-13 00:00:00');
	INSERT INTO sales_order_item (id, line_id, prod_id, quantity, ship_date) VALUES (2112, 1, 501, 12, '2021-01-10 00:00:00');
	INSERT INTO sales_order_item (id, line_id, prod_id, quantity, ship_date) VALUES (2112, 2, 601, 12, '2020-07-13 00:00:00');
	INSERT INTO sales_order_item (id, line_id, prod_id, quantity, ship_date) VALUES (2113, 1, 600, 12, '2020-07-16 00:00:00');
	INSERT INTO sales_order_item (id, line_id, prod_id, quantity, ship_date) VALUES (2114, 1, 600, 24, '2020-08-16 00:00:00');
	INSERT INTO sales_order_item (id, line_id, prod_id, quantity, ship_date) VALUES (2114, 2, 601, 24, '2020-08-16 00:00:00');
	INSERT INTO sales_order_item (id, line_id, prod_id, quantity, ship_date) VALUES (2115, 1, 600, 36, '2019-09-14 00:00:00');
	INSERT INTO sales_order_item (id, line_id, prod_id, quantity, ship_date) VALUES (2115, 2, 700, 36, '2019-09-14 00:00:00');
	INSERT INTO sales_order_item (id, line_id, prod_id, quantity, ship_date) VALUES (2116, 1, 300, 48, '2020-10-15 00:00:00');
	INSERT INTO sales_order_item (id, line_id, prod_id, quantity, ship_date) VALUES (2117, 1, 301, 60, '2019-11-13 00:00:00');
	INSERT INTO sales_order_item (id, line_id, prod_id, quantity, ship_date) VALUES (2118, 1, 302, 12, '2020-12-20 00:00:00');
	INSERT INTO sales_order_item (id, line_id, prod_id, quantity, ship_date) VALUES (2119, 1, 400, 24, '2021-01-17 00:00:00');
	INSERT INTO sales_order_item (id, line_id, prod_id, quantity, ship_date) VALUES (2120, 1, 401, 24, '2020-07-22 00:00:00');
	INSERT INTO sales_order_item (id, line_id, prod_id, quantity, ship_date) VALUES (2121, 1, 500, 12, '2019-08-22 00:00:00');
	INSERT INTO sales_order_item (id, line_id, prod_id, quantity, ship_date) VALUES (2122, 1, 501, 48, '2020-09-23 00:00:00');
	INSERT INTO sales_order_item (id, line_id, prod_id, quantity, ship_date) VALUES (2123, 1, 600, 60, '2020-10-22 00:00:00');
	INSERT INTO sales_order_item (id, line_id, prod_id, quantity, ship_date) VALUES (2124, 1, 601, 60, '2019-11-23 00:00:00');
	INSERT INTO sales_order_item (id, line_id, prod_id, quantity, ship_date) VALUES (2125, 1, 400, 36, '2020-12-27 00:00:00');
	INSERT INTO sales_order_item (id, line_id, prod_id, quantity, ship_date) VALUES (2125, 2, 401, 36, '2020-12-27 00:00:00');
	INSERT INTO sales_order_item (id, line_id, prod_id, quantity, ship_date) VALUES (2125, 3, 500, 36, '2020-12-27 00:00:00');
	INSERT INTO sales_order_item (id, line_id, prod_id, quantity, ship_date) VALUES (2126, 1, 301, 24, '2019-07-04 00:00:00');
	INSERT INTO sales_order_item (id, line_id, prod_id, quantity, ship_date) VALUES (2127, 1, 400, 36, '2020-07-08 00:00:00');
	INSERT INTO sales_order_item (id, line_id, prod_id, quantity, ship_date) VALUES (2128, 1, 400, 24, '2019-07-30 00:00:00');
	INSERT INTO sales_order_item (id, line_id, prod_id, quantity, ship_date) VALUES (2128, 2, 700, 36, '2019-07-30 00:00:00');
	INSERT INTO sales_order_item (id, line_id, prod_id, quantity, ship_date) VALUES (2129, 1, 300, 12, '2019-07-09 00:00:00');
	INSERT INTO sales_order_item (id, line_id, prod_id, quantity, ship_date) VALUES (2130, 1, 501, 24, '2019-07-21 00:00:00');
	INSERT INTO sales_order_item (id, line_id, prod_id, quantity, ship_date) VALUES (2131, 1, 300, 12, '2019-07-04 00:00:00');
	INSERT INTO sales_order_item (id, line_id, prod_id, quantity, ship_date) VALUES (2131, 2, 301, 12, '2019-07-04 00:00:00');
	INSERT INTO sales_order_item (id, line_id, prod_id, quantity, ship_date) VALUES (2131, 3, 302, 12, '2019-07-04 00:00:00');
	INSERT INTO sales_order_item (id, line_id, prod_id, quantity, ship_date) VALUES (2132, 1, 400, 48, '2019-07-10 00:00:00');
	INSERT INTO sales_order_item (id, line_id, prod_id, quantity, ship_date) VALUES (2132, 2, 401, 48, '2019-07-10 00:00:00');
	INSERT INTO sales_order_item (id, line_id, prod_id, quantity, ship_date) VALUES (2133, 1, 500, 24, '2019-07-14 00:00:00');
	INSERT INTO sales_order_item (id, line_id, prod_id, quantity, ship_date) VALUES (2134, 1, 600, 12, '2019-07-16 00:00:00');
	INSERT INTO sales_order_item (id, line_id, prod_id, quantity, ship_date) VALUES (2135, 1, 300, 12, '2019-07-08 00:00:00');
	INSERT INTO sales_order_item (id, line_id, prod_id, quantity, ship_date) VALUES (2135, 2, 301, 12, '2019-07-08 00:00:00');
	INSERT INTO sales_order_item (id, line_id, prod_id, quantity, ship_date) VALUES (2135, 3, 302, 12, '2019-07-08 00:00:00');
	INSERT INTO sales_order_item (id, line_id, prod_id, quantity, ship_date) VALUES (2136, 1, 400, 24, '2019-07-14 00:00:00');
	INSERT INTO sales_order_item (id, line_id, prod_id, quantity, ship_date) VALUES (2136, 2, 401, 24, '2019-07-14 00:00:00');
	INSERT INTO sales_order_item (id, line_id, prod_id, quantity, ship_date) VALUES (2137, 1, 500, 60, '2019-07-15 00:00:00');
	INSERT INTO sales_order_item (id, line_id, prod_id, quantity, ship_date) VALUES (2137, 2, 501, 60, '2019-07-15 00:00:00');
	INSERT INTO sales_order_item (id, line_id, prod_id, quantity, ship_date) VALUES (2138, 1, 600, 36, '2019-07-18 00:00:00');
	INSERT INTO sales_order_item (id, line_id, prod_id, quantity, ship_date) VALUES (2138, 2, 601, 36, '2019-07-18 00:00:00');
	INSERT INTO sales_order_item (id, line_id, prod_id, quantity, ship_date) VALUES (2139, 1, 700, 60, '2019-07-21 00:00:00');
	INSERT INTO sales_order_item (id, line_id, prod_id, quantity, ship_date) VALUES (2140, 1, 300, 36, '2019-07-22 00:00:00');
	INSERT INTO sales_order_item (id, line_id, prod_id, quantity, ship_date) VALUES (2140, 2, 301, 36, '2019-07-22 00:00:00');
	INSERT INTO sales_order_item (id, line_id, prod_id, quantity, ship_date) VALUES (2140, 3, 302, 36, '2019-07-22 00:00:00');
	INSERT INTO sales_order_item (id, line_id, prod_id, quantity, ship_date) VALUES (2141, 1, 400, 12, '2019-07-23 00:00:00');
	INSERT INTO sales_order_item (id, line_id, prod_id, quantity, ship_date) VALUES (2141, 2, 401, 12, '2019-07-23 00:00:00');
	INSERT INTO sales_order_item (id, line_id, prod_id, quantity, ship_date) VALUES (2142, 1, 500, 24, '2019-07-24 00:00:00');
	INSERT INTO sales_order_item (id, line_id, prod_id, quantity, ship_date) VALUES (2142, 2, 501, 24, '2019-07-24 00:00:00');
	INSERT INTO sales_order_item (id, line_id, prod_id, quantity, ship_date) VALUES (2143, 1, 600, 48, '2019-07-25 00:00:00');
	INSERT INTO sales_order_item (id, line_id, prod_id, quantity, ship_date) VALUES (2143, 2, 601, 48, '2019-07-25 00:00:00');
	INSERT INTO sales_order_item (id, line_id, prod_id, quantity, ship_date) VALUES (2144, 1, 400, 12, '2019-07-25 00:00:00');
	INSERT INTO sales_order_item (id, line_id, prod_id, quantity, ship_date) VALUES (2144, 2, 700, 12, '2019-07-25 00:00:00');
	INSERT INTO sales_order_item (id, line_id, prod_id, quantity, ship_date) VALUES (2145, 1, 500, 24, '2019-07-29 00:00:00');
	INSERT INTO sales_order_item (id, line_id, prod_id, quantity, ship_date) VALUES (2145, 2, 501, 24, '2019-07-29 00:00:00');
	INSERT INTO sales_order_item (id, line_id, prod_id, quantity, ship_date) VALUES (2146, 1, 600, 12, '2019-07-29 00:00:00');
	INSERT INTO sales_order_item (id, line_id, prod_id, quantity, ship_date) VALUES (2146, 2, 601, 12, '2019-07-29 00:00:00');
	INSERT INTO sales_order_item (id, line_id, prod_id, quantity, ship_date) VALUES (2146, 3, 700, 12, '2019-07-29 00:00:00');
	INSERT INTO sales_order_item (id, line_id, prod_id, quantity, ship_date) VALUES (2147, 1, 300, 36, '2019-07-30 00:00:00');
	INSERT INTO sales_order_item (id, line_id, prod_id, quantity, ship_date) VALUES (2147, 2, 301, 36, '2019-07-30 00:00:00');
	INSERT INTO sales_order_item (id, line_id, prod_id, quantity, ship_date) VALUES (2147, 3, 302, 36, '2019-07-30 00:00:00');
	INSERT INTO sales_order_item (id, line_id, prod_id, quantity, ship_date) VALUES (2148, 1, 400, 12, '2019-08-01 00:00:00');
	INSERT INTO sales_order_item (id, line_id, prod_id, quantity, ship_date) VALUES (2148, 2, 401, 12, '2019-08-01 00:00:00');
	INSERT INTO sales_order_item (id, line_id, prod_id, quantity, ship_date) VALUES (2149, 1, 500, 24, '2019-08-04 00:00:00');
	INSERT INTO sales_order_item (id, line_id, prod_id, quantity, ship_date) VALUES (2149, 2, 501, 24, '2019-08-04 00:00:00');
	INSERT INTO sales_order_item (id, line_id, prod_id, quantity, ship_date) VALUES (2150, 1, 600, 12, '2019-08-05 00:00:00');
	INSERT INTO sales_order_item (id, line_id, prod_id, quantity, ship_date) VALUES (2150, 2, 601, 12, '2019-08-05 00:00:00');
	INSERT INTO sales_order_item (id, line_id, prod_id, quantity, ship_date) VALUES (2151, 1, 700, 72, '2019-08-06 00:00:00');
	INSERT INTO sales_order_item (id, line_id, prod_id, quantity, ship_date) VALUES (2152, 1, 400, 12, '2019-08-07 00:00:00');
	INSERT INTO sales_order_item (id, line_id, prod_id, quantity, ship_date) VALUES (2152, 2, 401, 12, '2019-08-07 00:00:00');
	INSERT INTO sales_order_item (id, line_id, prod_id, quantity, ship_date) VALUES (2153, 1, 500, 24, '2019-08-08 00:00:00');
	INSERT INTO sales_order_item (id, line_id, prod_id, quantity, ship_date) VALUES (2153, 2, 501, 24, '2019-08-08 00:00:00');
	INSERT INTO sales_order_item (id, line_id, prod_id, quantity, ship_date) VALUES (2154, 1, 600, 36, '2019-08-11 00:00:00');
	INSERT INTO sales_order_item (id, line_id, prod_id, quantity, ship_date) VALUES (2154, 2, 601, 36, '2019-08-11 00:00:00');
	INSERT INTO sales_order_item (id, line_id, prod_id, quantity, ship_date) VALUES (2155, 1, 700, 60, '2019-08-11 00:00:00');
	INSERT INTO sales_order_item (id, line_id, prod_id, quantity, ship_date) VALUES (2156, 1, 300, 12, '2019-08-13 00:00:00');
	INSERT INTO sales_order_item (id, line_id, prod_id, quantity, ship_date) VALUES (2156, 2, 301, 12, '2019-08-13 00:00:00');
	INSERT INTO sales_order_item (id, line_id, prod_id, quantity, ship_date) VALUES (2156, 3, 302, 12, '2019-08-13 00:00:00');
	INSERT INTO sales_order_item (id, line_id, prod_id, quantity, ship_date) VALUES (2156, 4, 700, 12, '2019-08-13 00:00:00');
	INSERT INTO sales_order_item (id, line_id, prod_id, quantity, ship_date) VALUES (2157, 1, 400, 24, '2019-08-14 00:00:00');
	INSERT INTO sales_order_item (id, line_id, prod_id, quantity, ship_date) VALUES (2157, 2, 401, 24, '2019-08-14 00:00:00');
	INSERT INTO sales_order_item (id, line_id, prod_id, quantity, ship_date) VALUES (2157, 3, 500, 24, '2019-08-14 00:00:00');
	INSERT INTO sales_order_item (id, line_id, prod_id, quantity, ship_date) VALUES (2157, 4, 501, 24, '2019-08-14 00:00:00');
	INSERT INTO sales_order_item (id, line_id, prod_id, quantity, ship_date) VALUES (2158, 1, 500, 12, '2019-08-15 00:00:00');
	INSERT INTO sales_order_item (id, line_id, prod_id, quantity, ship_date) VALUES (2158, 2, 501, 12, '2019-08-15 00:00:00');
	INSERT INTO sales_order_item (id, line_id, prod_id, quantity, ship_date) VALUES (2158, 3, 600, 36, '2019-08-15 00:00:00');
	INSERT INTO sales_order_item (id, line_id, prod_id, quantity, ship_date) VALUES (2158, 4, 601, 36, '2019-08-15 00:00:00');
	INSERT INTO sales_order_item (id, line_id, prod_id, quantity, ship_date) VALUES (2159, 1, 600, 24, '2019-08-15 00:00:00');
	INSERT INTO sales_order_item (id, line_id, prod_id, quantity, ship_date) VALUES (2160, 1, 601, 24, '2019-08-15 00:00:00');
	INSERT INTO sales_order_item (id, line_id, prod_id, quantity, ship_date) VALUES (2161, 1, 300, 36, '2019-08-19 00:00:00');
	INSERT INTO sales_order_item (id, line_id, prod_id, quantity, ship_date) VALUES (2161, 2, 301, 36, '2019-08-19 00:00:00');
	INSERT INTO sales_order_item (id, line_id, prod_id, quantity, ship_date) VALUES (2161, 3, 302, 12, '2019-08-19 00:00:00');
	INSERT INTO sales_order_item (id, line_id, prod_id, quantity, ship_date) VALUES (2162, 1, 400, 24, '2019-08-20 00:00:00');
	INSERT INTO sales_order_item (id, line_id, prod_id, quantity, ship_date) VALUES (2162, 2, 401, 12, '2019-08-20 00:00:00');
	INSERT INTO sales_order_item (id, line_id, prod_id, quantity, ship_date) VALUES (2162, 3, 500, 36, '2019-08-20 00:00:00');
	INSERT INTO sales_order_item (id, line_id, prod_id, quantity, ship_date) VALUES (2163, 1, 600, 24, '2019-08-21 00:00:00');
	INSERT INTO sales_order_item (id, line_id, prod_id, quantity, ship_date) VALUES (2163, 2, 601, 24, '2019-08-21 00:00:00');
	INSERT INTO sales_order_item (id, line_id, prod_id, quantity, ship_date) VALUES (2164, 1, 600, 60, '2019-08-22 00:00:00');
	INSERT INTO sales_order_item (id, line_id, prod_id, quantity, ship_date) VALUES (2164, 2, 601, 60, '2019-08-22 00:00:00');
	INSERT INTO sales_order_item (id, line_id, prod_id, quantity, ship_date) VALUES (2164, 3, 700, 36, '2019-08-22 00:00:00');
	INSERT INTO sales_order_item (id, line_id, prod_id, quantity, ship_date) VALUES (2165, 1, 300, 12, '2019-08-25 00:00:00');
	INSERT INTO sales_order_item (id, line_id, prod_id, quantity, ship_date) VALUES (2165, 2, 301, 24, '2019-08-25 00:00:00');
	INSERT INTO sales_order_item (id, line_id, prod_id, quantity, ship_date) VALUES (2165, 3, 302, 12, '2019-08-25 00:00:00');
	INSERT INTO sales_order_item (id, line_id, prod_id, quantity, ship_date) VALUES (2166, 1, 400, 36, '2019-08-26 00:00:00');
	INSERT INTO sales_order_item (id, line_id, prod_id, quantity, ship_date) VALUES (2166, 2, 401, 36, '2019-08-26 00:00:00');
	INSERT INTO sales_order_item (id, line_id, prod_id, quantity, ship_date) VALUES (2167, 1, 400, 12, '2019-08-27 00:00:00');
	INSERT INTO sales_order_item (id, line_id, prod_id, quantity, ship_date) VALUES (2167, 2, 401, 12, '2019-08-27 00:00:00');
	INSERT INTO sales_order_item (id, line_id, prod_id, quantity, ship_date) VALUES (2167, 3, 500, 12, '2019-08-27 00:00:00');
	INSERT INTO sales_order_item (id, line_id, prod_id, quantity, ship_date) VALUES (2167, 4, 501, 24, '2019-08-27 00:00:00');
	INSERT INTO sales_order_item (id, line_id, prod_id, quantity, ship_date) VALUES (2168, 1, 600, 24, '2019-08-28 00:00:00');
	INSERT INTO sales_order_item (id, line_id, prod_id, quantity, ship_date) VALUES (2168, 2, 601, 24, '2019-08-28 00:00:00');
	INSERT INTO sales_order_item (id, line_id, prod_id, quantity, ship_date) VALUES (2169, 1, 300, 36, '2019-08-29 00:00:00');
	INSERT INTO sales_order_item (id, line_id, prod_id, quantity, ship_date) VALUES (2169, 2, 301, 36, '2020-08-29 00:00:00');
	INSERT INTO sales_order_item (id, line_id, prod_id, quantity, ship_date) VALUES (2169, 3, 302, 24, '2019-08-29 00:00:00');
	INSERT INTO sales_order_item (id, line_id, prod_id, quantity, ship_date) VALUES (2170, 1, 400, 60, '2019-08-31 00:00:00');
	INSERT INTO sales_order_item (id, line_id, prod_id, quantity, ship_date) VALUES (2170, 2, 401, 24, '2019-08-31 00:00:00');
	INSERT INTO sales_order_item (id, line_id, prod_id, quantity, ship_date) VALUES (2170, 3, 500, 24, '2019-08-31 00:00:00');
	INSERT INTO sales_order_item (id, line_id, prod_id, quantity, ship_date) VALUES (2171, 1, 600, 12, '2019-09-02 00:00:00');
	INSERT INTO sales_order_item (id, line_id, prod_id, quantity, ship_date) VALUES (2171, 2, 601, 12, '2019-09-02 00:00:00');
	INSERT INTO sales_order_item (id, line_id, prod_id, quantity, ship_date) VALUES (2172, 1, 300, 24, '2019-08-31 00:00:00');
	INSERT INTO sales_order_item (id, line_id, prod_id, quantity, ship_date) VALUES (2172, 2, 301, 24, '2020-08-31 00:00:00');
	INSERT INTO sales_order_item (id, line_id, prod_id, quantity, ship_date) VALUES (2172, 3, 302, 24, '2020-08-31 00:00:00');
	INSERT INTO sales_order_item (id, line_id, prod_id, quantity, ship_date) VALUES (2173, 1, 400, 12, '2019-09-02 00:00:00');
	INSERT INTO sales_order_item (id, line_id, prod_id, quantity, ship_date) VALUES (2173, 2, 401, 12, '2019-09-02 00:00:00');
	INSERT INTO sales_order_item (id, line_id, prod_id, quantity, ship_date) VALUES (2174, 1, 500, 36, '2019-09-03 00:00:00');
	INSERT INTO sales_order_item (id, line_id, prod_id, quantity, ship_date) VALUES (2174, 2, 501, 36, '2019-09-03 00:00:00');
	INSERT INTO sales_order_item (id, line_id, prod_id, quantity, ship_date) VALUES (2175, 1, 600, 48, '2019-09-04 00:00:00');
	INSERT INTO sales_order_item (id, line_id, prod_id, quantity, ship_date) VALUES (2175, 2, 601, 48, '2019-09-04 00:00:00');
	INSERT INTO sales_order_item (id, line_id, prod_id, quantity, ship_date) VALUES (2176, 1, 700, 60, '2019-09-04 00:00:00');
	INSERT INTO sales_order_item (id, line_id, prod_id, quantity, ship_date) VALUES (2177, 1, 300, 12, '2019-09-04 00:00:00');
	INSERT INTO sales_order_item (id, line_id, prod_id, quantity, ship_date) VALUES (2178, 1, 300, 24, '2019-09-08 00:00:00');
	INSERT INTO sales_order_item (id, line_id, prod_id, quantity, ship_date) VALUES (2178, 2, 301, 24, '2019-09-08 00:00:00');
	INSERT INTO sales_order_item (id, line_id, prod_id, quantity, ship_date) VALUES (2178, 3, 400, 12, '2019-09-08 00:00:00');
	INSERT INTO sales_order_item (id, line_id, prod_id, quantity, ship_date) VALUES (2179, 1, 500, 36, '2019-09-09 00:00:00');
	INSERT INTO sales_order_item (id, line_id, prod_id, quantity, ship_date) VALUES (2179, 2, 501, 36, '2019-09-09 00:00:00');
	INSERT INTO sales_order_item (id, line_id, prod_id, quantity, ship_date) VALUES (2180, 1, 600, 12, '2019-09-10 00:00:00');
	INSERT INTO sales_order_item (id, line_id, prod_id, quantity, ship_date) VALUES (2180, 2, 601, 12, '2019-09-10 00:00:00');
	INSERT INTO sales_order_item (id, line_id, prod_id, quantity, ship_date) VALUES (2180, 3, 700, 24, '2019-09-10 00:00:00');
	INSERT INTO sales_order_item (id, line_id, prod_id, quantity, ship_date) VALUES (2181, 1, 400, 36, '2019-09-11 00:00:00');
	INSERT INTO sales_order_item (id, line_id, prod_id, quantity, ship_date) VALUES (2181, 2, 401, 36, '2019-09-11 00:00:00');
	INSERT INTO sales_order_item (id, line_id, prod_id, quantity, ship_date) VALUES (2182, 1, 500, 12, '2019-09-11 00:00:00');
	INSERT INTO sales_order_item (id, line_id, prod_id, quantity, ship_date) VALUES (2182, 2, 501, 12, '2019-09-11 00:00:00');
	INSERT INTO sales_order_item (id, line_id, prod_id, quantity, ship_date) VALUES (2183, 1, 600, 24, '2019-09-16 00:00:00');
	INSERT INTO sales_order_item (id, line_id, prod_id, quantity, ship_date) VALUES (2183, 2, 601, 24, '2019-09-16 00:00:00');
	INSERT INTO sales_order_item (id, line_id, prod_id, quantity, ship_date) VALUES (2184, 1, 300, 12, '2019-09-17 00:00:00');
	INSERT INTO sales_order_item (id, line_id, prod_id, quantity, ship_date) VALUES (2184, 2, 301, 12, '2019-09-17 00:00:00');
	INSERT INTO sales_order_item (id, line_id, prod_id, quantity, ship_date) VALUES (2184, 3, 700, 12, '2019-09-17 00:00:00');
	INSERT INTO sales_order_item (id, line_id, prod_id, quantity, ship_date) VALUES (2185, 1, 400, 24, '2019-09-18 00:00:00');
	INSERT INTO sales_order_item (id, line_id, prod_id, quantity, ship_date) VALUES (2185, 2, 401, 24, '2019-09-18 00:00:00');
	INSERT INTO sales_order_item (id, line_id, prod_id, quantity, ship_date) VALUES (2186, 1, 500, 36, '2019-09-21 00:00:00');
	INSERT INTO sales_order_item (id, line_id, prod_id, quantity, ship_date) VALUES (2186, 2, 501, 36, '2019-09-21 00:00:00');
	INSERT INTO sales_order_item (id, line_id, prod_id, quantity, ship_date) VALUES (2187, 1, 600, 48, '2019-09-22 00:00:00');
	INSERT INTO sales_order_item (id, line_id, prod_id, quantity, ship_date) VALUES (2187, 2, 601, 48, '2019-09-22 00:00:00');
	INSERT INTO sales_order_item (id, line_id, prod_id, quantity, ship_date) VALUES (2188, 1, 700, 60, '2019-09-23 00:00:00');
	INSERT INTO sales_order_item (id, line_id, prod_id, quantity, ship_date) VALUES (2189, 1, 300, 12, '2019-09-23 00:00:00');
	INSERT INTO sales_order_item (id, line_id, prod_id, quantity, ship_date) VALUES (2189, 2, 302, 12, '2019-09-23 00:00:00');
	INSERT INTO sales_order_item (id, line_id, prod_id, quantity, ship_date) VALUES (2190, 1, 301, 24, '2019-09-24 00:00:00');
	INSERT INTO sales_order_item (id, line_id, prod_id, quantity, ship_date) VALUES (2190, 2, 400, 24, '2019-09-24 00:00:00');
	INSERT INTO sales_order_item (id, line_id, prod_id, quantity, ship_date) VALUES (2190, 3, 501, 24, '2019-09-24 00:00:00');
	INSERT INTO sales_order_item (id, line_id, prod_id, quantity, ship_date) VALUES (2191, 1, 302, 36, '2019-09-25 00:00:00');
	INSERT INTO sales_order_item (id, line_id, prod_id, quantity, ship_date) VALUES (2191, 2, 601, 36, '2019-09-25 00:00:00');
	INSERT INTO sales_order_item (id, line_id, prod_id, quantity, ship_date) VALUES (2191, 3, 700, 36, '2019-09-25 00:00:00');
	INSERT INTO sales_order_item (id, line_id, prod_id, quantity, ship_date) VALUES (2192, 1, 301, 12, '2019-09-28 00:00:00');
	INSERT INTO sales_order_item (id, line_id, prod_id, quantity, ship_date) VALUES (2192, 2, 401, 12, '2019-09-28 00:00:00');
	INSERT INTO sales_order_item (id, line_id, prod_id, quantity, ship_date) VALUES (2192, 3, 600, 12, '2019-09-28 00:00:00');
	INSERT INTO sales_order_item (id, line_id, prod_id, quantity, ship_date) VALUES (2193, 1, 600, 24, '2019-09-29 00:00:00');
	INSERT INTO sales_order_item (id, line_id, prod_id, quantity, ship_date) VALUES (2193, 2, 601, 24, '2019-09-29 00:00:00');
	INSERT INTO sales_order_item (id, line_id, prod_id, quantity, ship_date) VALUES (2193, 3, 700, 24, '2019-09-29 00:00:00');
	INSERT INTO sales_order_item (id, line_id, prod_id, quantity, ship_date) VALUES (2194, 1, 300, 12, '2019-09-30 00:00:00');
	INSERT INTO sales_order_item (id, line_id, prod_id, quantity, ship_date) VALUES (2194, 2, 301, 12, '2019-09-30 00:00:00');
	INSERT INTO sales_order_item (id, line_id, prod_id, quantity, ship_date) VALUES (2194, 3, 302, 12, '2019-09-30 00:00:00');
	INSERT INTO sales_order_item (id, line_id, prod_id, quantity, ship_date) VALUES (2195, 1, 400, 12, '2019-10-01 00:00:00');
	INSERT INTO sales_order_item (id, line_id, prod_id, quantity, ship_date) VALUES (2195, 2, 500, 24, '2019-10-01 00:00:00');
	INSERT INTO sales_order_item (id, line_id, prod_id, quantity, ship_date) VALUES (2195, 3, 501, 24, '2019-10-01 00:00:00');
	INSERT INTO sales_order_item (id, line_id, prod_id, quantity, ship_date) VALUES (2196, 1, 400, 36, '2019-10-02 00:00:00');
	INSERT INTO sales_order_item (id, line_id, prod_id, quantity, ship_date) VALUES (2196, 2, 401, 36, '2019-10-02 00:00:00');
	INSERT INTO sales_order_item (id, line_id, prod_id, quantity, ship_date) VALUES (2196, 3, 500, 24, '2019-10-02 00:00:00');
	INSERT INTO sales_order_item (id, line_id, prod_id, quantity, ship_date) VALUES (2197, 1, 600, 48, '2019-10-05 00:00:00');
	INSERT INTO sales_order_item (id, line_id, prod_id, quantity, ship_date) VALUES (2197, 2, 601, 48, '2019-10-05 00:00:00');
	INSERT INTO sales_order_item (id, line_id, prod_id, quantity, ship_date) VALUES (2197, 3, 700, 48, '2019-10-05 00:00:00');
	INSERT INTO sales_order_item (id, line_id, prod_id, quantity, ship_date) VALUES (2198, 1, 300, 12, '2019-10-06 00:00:00');
	INSERT INTO sales_order_item (id, line_id, prod_id, quantity, ship_date) VALUES (2198, 2, 301, 12, '2019-10-06 00:00:00');
	INSERT INTO sales_order_item (id, line_id, prod_id, quantity, ship_date) VALUES (2198, 3, 302, 12, '2019-10-06 00:00:00');
	INSERT INTO sales_order_item (id, line_id, prod_id, quantity, ship_date) VALUES (2199, 1, 400, 36, '2019-10-07 00:00:00');
	INSERT INTO sales_order_item (id, line_id, prod_id, quantity, ship_date) VALUES (2199, 2, 401, 36, '2019-10-07 00:00:00');
	INSERT INTO sales_order_item (id, line_id, prod_id, quantity, ship_date) VALUES (2199, 3, 600, 12, '2019-10-07 00:00:00');
	INSERT INTO sales_order_item (id, line_id, prod_id, quantity, ship_date) VALUES (2200, 1, 400, 24, '2019-10-08 00:00:00');
	INSERT INTO sales_order_item (id, line_id, prod_id, quantity, ship_date) VALUES (2200, 2, 401, 24, '2019-10-08 00:00:00');
	INSERT INTO sales_order_item (id, line_id, prod_id, quantity, ship_date) VALUES (2200, 3, 500, 24, '2019-10-08 00:00:00');
	INSERT INTO sales_order_item (id, line_id, prod_id, quantity, ship_date) VALUES (2201, 1, 600, 60, '2019-10-09 00:00:00');
	INSERT INTO sales_order_item (id, line_id, prod_id, quantity, ship_date) VALUES (2201, 2, 601, 60, '2019-10-09 00:00:00');
	INSERT INTO sales_order_item (id, line_id, prod_id, quantity, ship_date) VALUES (2201, 3, 700, 60, '2019-10-09 00:00:00');
	INSERT INTO sales_order_item (id, line_id, prod_id, quantity, ship_date) VALUES (2202, 1, 300, 12, '2019-10-12 00:00:00');
	INSERT INTO sales_order_item (id, line_id, prod_id, quantity, ship_date) VALUES (2202, 2, 301, 12, '2019-10-12 00:00:00');
	INSERT INTO sales_order_item (id, line_id, prod_id, quantity, ship_date) VALUES (2202, 3, 302, 12, '2019-10-12 00:00:00');
	INSERT INTO sales_order_item (id, line_id, prod_id, quantity, ship_date) VALUES (2203, 1, 400, 24, '2019-10-13 00:00:00');
	INSERT INTO sales_order_item (id, line_id, prod_id, quantity, ship_date) VALUES (2203, 2, 401, 24, '2019-10-13 00:00:00');
	INSERT INTO sales_order_item (id, line_id, prod_id, quantity, ship_date) VALUES (2204, 1, 400, 24, '2019-10-14 00:00:00');
	INSERT INTO sales_order_item (id, line_id, prod_id, quantity, ship_date) VALUES (2204, 2, 401, 24, '2019-10-14 00:00:00');
	INSERT INTO sales_order_item (id, line_id, prod_id, quantity, ship_date) VALUES (2204, 3, 500, 36, '2019-10-14 00:00:00');
	INSERT INTO sales_order_item (id, line_id, prod_id, quantity, ship_date) VALUES (2204, 4, 501, 36, '2019-10-14 00:00:00');
	INSERT INTO sales_order_item (id, line_id, prod_id, quantity, ship_date) VALUES (2205, 1, 500, 12, '2019-10-15 00:00:00');
	INSERT INTO sales_order_item (id, line_id, prod_id, quantity, ship_date) VALUES (2205, 2, 501, 12, '2019-10-15 00:00:00');
	INSERT INTO sales_order_item (id, line_id, prod_id, quantity, ship_date) VALUES (2205, 3, 700, 24, '2019-10-15 00:00:00');
	INSERT INTO sales_order_item (id, line_id, prod_id, quantity, ship_date) VALUES (2206, 1, 300, 12, '2019-10-16 00:00:00');
	INSERT INTO sales_order_item (id, line_id, prod_id, quantity, ship_date) VALUES (2206, 2, 301, 12, '2019-10-16 00:00:00');
	INSERT INTO sales_order_item (id, line_id, prod_id, quantity, ship_date) VALUES (2206, 3, 302, 12, '2019-10-16 00:00:00');
	INSERT INTO sales_order_item (id, line_id, prod_id, quantity, ship_date) VALUES (2206, 4, 700, 12, '2019-10-16 00:00:00');
	INSERT INTO sales_order_item (id, line_id, prod_id, quantity, ship_date) VALUES (2207, 1, 400, 24, '2019-10-19 00:00:00');
	INSERT INTO sales_order_item (id, line_id, prod_id, quantity, ship_date) VALUES (2207, 2, 401, 24, '2019-10-19 00:00:00');
	INSERT INTO sales_order_item (id, line_id, prod_id, quantity, ship_date) VALUES (2207, 3, 501, 12, '2019-10-19 00:00:00');
	INSERT INTO sales_order_item (id, line_id, prod_id, quantity, ship_date) VALUES (2208, 1, 400, 36, '2019-10-20 00:00:00');
	INSERT INTO sales_order_item (id, line_id, prod_id, quantity, ship_date) VALUES (2208, 2, 401, 36, '2019-10-20 00:00:00');
	INSERT INTO sales_order_item (id, line_id, prod_id, quantity, ship_date) VALUES (2208, 3, 500, 36, '2019-10-20 00:00:00');
	INSERT INTO sales_order_item (id, line_id, prod_id, quantity, ship_date) VALUES (2208, 4, 501, 36, '2019-10-20 00:00:00');
	INSERT INTO sales_order_item (id, line_id, prod_id, quantity, ship_date) VALUES (2209, 1, 500, 12, '2019-10-21 00:00:00');
	INSERT INTO sales_order_item (id, line_id, prod_id, quantity, ship_date) VALUES (2209, 2, 501, 12, '2019-10-21 00:00:00');
	INSERT INTO sales_order_item (id, line_id, prod_id, quantity, ship_date) VALUES (2209, 3, 600, 12, '2019-10-21 00:00:00');
	INSERT INTO sales_order_item (id, line_id, prod_id, quantity, ship_date) VALUES (2209, 4, 601, 12, '2019-10-21 00:00:00');
	INSERT INTO sales_order_item (id, line_id, prod_id, quantity, ship_date) VALUES (2210, 1, 300, 24, '2019-10-22 00:00:00');
	INSERT INTO sales_order_item (id, line_id, prod_id, quantity, ship_date) VALUES (2210, 2, 301, 24, '2019-10-22 00:00:00');
	INSERT INTO sales_order_item (id, line_id, prod_id, quantity, ship_date) VALUES (2210, 3, 302, 24, '2019-10-22 00:00:00');
	INSERT INTO sales_order_item (id, line_id, prod_id, quantity, ship_date) VALUES (2210, 4, 700, 24, '2019-10-22 00:00:00');
	INSERT INTO sales_order_item (id, line_id, prod_id, quantity, ship_date) VALUES (2211, 1, 400, 36, '2019-10-23 00:00:00');
	INSERT INTO sales_order_item (id, line_id, prod_id, quantity, ship_date) VALUES (2211, 2, 501, 24, '2019-10-23 00:00:00');
	INSERT INTO sales_order_item (id, line_id, prod_id, quantity, ship_date) VALUES (2211, 3, 600, 12, '2019-10-23 00:00:00');
	INSERT INTO sales_order_item (id, line_id, prod_id, quantity, ship_date) VALUES (2212, 1, 401, 36, '2019-10-26 00:00:00');
	INSERT INTO sales_order_item (id, line_id, prod_id, quantity, ship_date) VALUES (2212, 2, 500, 24, '2019-10-26 00:00:00');
	INSERT INTO sales_order_item (id, line_id, prod_id, quantity, ship_date) VALUES (2212, 3, 601, 12, '2019-10-26 00:00:00');
	INSERT INTO sales_order_item (id, line_id, prod_id, quantity, ship_date) VALUES (2213, 1, 300, 48, '2019-10-27 00:00:00');
	INSERT INTO sales_order_item (id, line_id, prod_id, quantity, ship_date) VALUES (2213, 2, 301, 36, '2019-10-27 00:00:00');
	INSERT INTO sales_order_item (id, line_id, prod_id, quantity, ship_date) VALUES (2213, 3, 600, 24, '2019-10-27 00:00:00');
	INSERT INTO sales_order_item (id, line_id, prod_id, quantity, ship_date) VALUES (2213, 4, 601, 24, '2019-10-27 00:00:00');
	INSERT INTO sales_order_item (id, line_id, prod_id, quantity, ship_date) VALUES (2214, 1, 302, 12, '2019-10-28 00:00:00');
	INSERT INTO sales_order_item (id, line_id, prod_id, quantity, ship_date) VALUES (2214, 2, 401, 12, '2019-10-28 00:00:00');
	INSERT INTO sales_order_item (id, line_id, prod_id, quantity, ship_date) VALUES (2214, 3, 700, 24, '2019-10-28 00:00:00');
	INSERT INTO sales_order_item (id, line_id, prod_id, quantity, ship_date) VALUES (2215, 1, 301, 12, '2019-10-29 00:00:00');
	INSERT INTO sales_order_item (id, line_id, prod_id, quantity, ship_date) VALUES (2215, 2, 500, 12, '2019-10-29 00:00:00');
	INSERT INTO sales_order_item (id, line_id, prod_id, quantity, ship_date) VALUES (2215, 3, 700, 36, '2019-10-29 00:00:00');
	INSERT INTO sales_order_item (id, line_id, prod_id, quantity, ship_date) VALUES (2216, 1, 400, 24, '2019-10-30 00:00:00');
	INSERT INTO sales_order_item (id, line_id, prod_id, quantity, ship_date) VALUES (2216, 2, 401, 24, '2019-10-30 00:00:00');
	INSERT INTO sales_order_item (id, line_id, prod_id, quantity, ship_date) VALUES (2217, 1, 400, 24, '2019-11-02 00:00:00');
	INSERT INTO sales_order_item (id, line_id, prod_id, quantity, ship_date) VALUES (2217, 2, 500, 36, '2019-11-02 00:00:00');
	INSERT INTO sales_order_item (id, line_id, prod_id, quantity, ship_date) VALUES (2217, 3, 501, 36, '2019-11-02 00:00:00');
	INSERT INTO sales_order_item (id, line_id, prod_id, quantity, ship_date) VALUES (2218, 1, 600, 24, '2019-11-03 00:00:00');
	INSERT INTO sales_order_item (id, line_id, prod_id, quantity, ship_date) VALUES (2218, 2, 601, 24, '2019-11-03 00:00:00');
	INSERT INTO sales_order_item (id, line_id, prod_id, quantity, ship_date) VALUES (2219, 3, 300, 24, '2019-11-04 00:00:00');
	INSERT INTO sales_order_item (id, line_id, prod_id, quantity, ship_date) VALUES (2219, 4, 401, 12, '2019-11-04 00:00:00');
	INSERT INTO sales_order_item (id, line_id, prod_id, quantity, ship_date) VALUES (2219, 5, 700, 48, '2019-11-04 00:00:00');
	INSERT INTO sales_order_item (id, line_id, prod_id, quantity, ship_date) VALUES (2220, 1, 301, 24, '2019-11-05 00:00:00');
	INSERT INTO sales_order_item (id, line_id, prod_id, quantity, ship_date) VALUES (2220, 2, 700, 36, '2019-11-05 00:00:00');
	INSERT INTO sales_order_item (id, line_id, prod_id, quantity, ship_date) VALUES (2221, 1, 401, 12, '2019-11-06 00:00:00');
	INSERT INTO sales_order_item (id, line_id, prod_id, quantity, ship_date) VALUES (2221, 2, 601, 24, '2019-11-06 00:00:00');
	INSERT INTO sales_order_item (id, line_id, prod_id, quantity, ship_date) VALUES (2222, 1, 500, 12, '2019-11-09 00:00:00');
	INSERT INTO sales_order_item (id, line_id, prod_id, quantity, ship_date) VALUES (2222, 2, 501, 12, '2019-11-09 00:00:00');
	INSERT INTO sales_order_item (id, line_id, prod_id, quantity, ship_date) VALUES (2223, 1, 600, 24, '2019-11-10 00:00:00');
	INSERT INTO sales_order_item (id, line_id, prod_id, quantity, ship_date) VALUES (2223, 2, 601, 24, '2019-11-10 00:00:00');
	INSERT INTO sales_order_item (id, line_id, prod_id, quantity, ship_date) VALUES (2223, 3, 700, 12, '2019-11-10 00:00:00');
	INSERT INTO sales_order_item (id, line_id, prod_id, quantity, ship_date) VALUES (2224, 1, 300, 24, '2019-11-11 00:00:00');
	INSERT INTO sales_order_item (id, line_id, prod_id, quantity, ship_date) VALUES (2224, 2, 301, 24, '2019-11-11 00:00:00');
	INSERT INTO sales_order_item (id, line_id, prod_id, quantity, ship_date) VALUES (2224, 3, 302, 24, '2019-11-11 00:00:00');
	INSERT INTO sales_order_item (id, line_id, prod_id, quantity, ship_date) VALUES (2225, 1, 400, 36, '2019-11-12 00:00:00');
	INSERT INTO sales_order_item (id, line_id, prod_id, quantity, ship_date) VALUES (2225, 2, 401, 36, '2019-11-12 00:00:00');
	INSERT INTO sales_order_item (id, line_id, prod_id, quantity, ship_date) VALUES (2226, 1, 500, 12, '2019-11-13 00:00:00');
	INSERT INTO sales_order_item (id, line_id, prod_id, quantity, ship_date) VALUES (2226, 2, 501, 12, '2019-11-13 00:00:00');
	INSERT INTO sales_order_item (id, line_id, prod_id, quantity, ship_date) VALUES (2227, 1, 600, 12, '2019-11-16 00:00:00');
	INSERT INTO sales_order_item (id, line_id, prod_id, quantity, ship_date) VALUES (2227, 2, 601, 12, '2019-11-16 00:00:00');
	INSERT INTO sales_order_item (id, line_id, prod_id, quantity, ship_date) VALUES (2228, 1, 300, 36, '2019-11-17 00:00:00');
	INSERT INTO sales_order_item (id, line_id, prod_id, quantity, ship_date) VALUES (2228, 2, 302, 36, '2019-11-17 00:00:00');
	INSERT INTO sales_order_item (id, line_id, prod_id, quantity, ship_date) VALUES (2229, 1, 301, 24, '2019-11-18 00:00:00');
	INSERT INTO sales_order_item (id, line_id, prod_id, quantity, ship_date) VALUES (2229, 2, 400, 24, '2019-11-18 00:00:00');
	INSERT INTO sales_order_item (id, line_id, prod_id, quantity, ship_date) VALUES (2229, 3, 700, 12, '2019-11-18 00:00:00');
	INSERT INTO sales_order_item (id, line_id, prod_id, quantity, ship_date) VALUES (2230, 1, 600, 60, '2019-11-19 00:00:00');
	INSERT INTO sales_order_item (id, line_id, prod_id, quantity, ship_date) VALUES (2230, 2, 601, 60, '2019-11-19 00:00:00');
	INSERT INTO sales_order_item (id, line_id, prod_id, quantity, ship_date) VALUES (2231, 1, 500, 72, '2019-11-20 00:00:00');
	INSERT INTO sales_order_item (id, line_id, prod_id, quantity, ship_date) VALUES (2231, 2, 501, 60, '2019-11-20 00:00:00');
	INSERT INTO sales_order_item (id, line_id, prod_id, quantity, ship_date) VALUES (2232, 1, 400, 36, '2019-11-23 00:00:00');
	INSERT INTO sales_order_item (id, line_id, prod_id, quantity, ship_date) VALUES (2232, 2, 401, 36, '2019-11-23 00:00:00');
	INSERT INTO sales_order_item (id, line_id, prod_id, quantity, ship_date) VALUES (2233, 1, 500, 12, '2019-11-24 00:00:00');
	INSERT INTO sales_order_item (id, line_id, prod_id, quantity, ship_date) VALUES (2233, 2, 501, 12, '2019-11-24 00:00:00');
	INSERT INTO sales_order_item (id, line_id, prod_id, quantity, ship_date) VALUES (2234, 1, 600, 24, '2019-11-25 00:00:00');
	INSERT INTO sales_order_item (id, line_id, prod_id, quantity, ship_date) VALUES (2234, 2, 601, 24, '2019-11-25 00:00:00');
	INSERT INTO sales_order_item (id, line_id, prod_id, quantity, ship_date) VALUES (2235, 1, 300, 36, '2019-11-26 00:00:00');
	INSERT INTO sales_order_item (id, line_id, prod_id, quantity, ship_date) VALUES (2235, 2, 302, 36, '2019-11-26 00:00:00');
	INSERT INTO sales_order_item (id, line_id, prod_id, quantity, ship_date) VALUES (2236, 1, 301, 12, '2019-11-27 00:00:00');
	INSERT INTO sales_order_item (id, line_id, prod_id, quantity, ship_date) VALUES (2236, 2, 700, 60, '2019-11-27 00:00:00');
	INSERT INTO sales_order_item (id, line_id, prod_id, quantity, ship_date) VALUES (2237, 1, 400, 36, '2019-11-30 00:00:00');
	INSERT INTO sales_order_item (id, line_id, prod_id, quantity, ship_date) VALUES (2237, 2, 401, 36, '2019-11-30 00:00:00');
	INSERT INTO sales_order_item (id, line_id, prod_id, quantity, ship_date) VALUES (2238, 1, 500, 24, '2019-11-27 00:00:00');
	INSERT INTO sales_order_item (id, line_id, prod_id, quantity, ship_date) VALUES (2239, 1, 600, 72, '2019-12-01 00:00:00');
	INSERT INTO sales_order_item (id, line_id, prod_id, quantity, ship_date) VALUES (2239, 2, 601, 60, '2019-12-01 00:00:00');
	INSERT INTO sales_order_item (id, line_id, prod_id, quantity, ship_date) VALUES (2240, 1, 300, 12, '2019-12-02 00:00:00');
	INSERT INTO sales_order_item (id, line_id, prod_id, quantity, ship_date) VALUES (2240, 2, 301, 12, '2019-12-02 00:00:00');
	INSERT INTO sales_order_item (id, line_id, prod_id, quantity, ship_date) VALUES (2240, 3, 302, 12, '2019-12-02 00:00:00');
	INSERT INTO sales_order_item (id, line_id, prod_id, quantity, ship_date) VALUES (2241, 1, 400, 24, '2019-12-03 00:00:00');
	INSERT INTO sales_order_item (id, line_id, prod_id, quantity, ship_date) VALUES (2241, 2, 401, 24, '2019-12-03 00:00:00');
	INSERT INTO sales_order_item (id, line_id, prod_id, quantity, ship_date) VALUES (2242, 1, 600, 60, '2019-12-04 00:00:00');
	INSERT INTO sales_order_item (id, line_id, prod_id, quantity, ship_date) VALUES (2242, 2, 601, 48, '2019-12-04 00:00:00');
	INSERT INTO sales_order_item (id, line_id, prod_id, quantity, ship_date) VALUES (2243, 1, 500, 24, '2019-12-07 00:00:00');
	INSERT INTO sales_order_item (id, line_id, prod_id, quantity, ship_date) VALUES (2243, 2, 501, 12, '2019-12-07 00:00:00');
	INSERT INTO sales_order_item (id, line_id, prod_id, quantity, ship_date) VALUES (2244, 1, 300, 24, '2019-12-08 00:00:00');
	INSERT INTO sales_order_item (id, line_id, prod_id, quantity, ship_date) VALUES (2244, 2, 302, 24, '2019-12-08 00:00:00');
	INSERT INTO sales_order_item (id, line_id, prod_id, quantity, ship_date) VALUES (2245, 1, 301, 36, '2019-12-09 00:00:00');
	INSERT INTO sales_order_item (id, line_id, prod_id, quantity, ship_date) VALUES (2245, 2, 400, 24, '2019-12-09 00:00:00');
	INSERT INTO sales_order_item (id, line_id, prod_id, quantity, ship_date) VALUES (2246, 1, 600, 48, '2019-12-10 00:00:00');
	INSERT INTO sales_order_item (id, line_id, prod_id, quantity, ship_date) VALUES (2246, 2, 601, 60, '2019-12-10 00:00:00');
	INSERT INTO sales_order_item (id, line_id, prod_id, quantity, ship_date) VALUES (2247, 1, 300, 12, '2019-12-11 00:00:00');
	INSERT INTO sales_order_item (id, line_id, prod_id, quantity, ship_date) VALUES (2247, 2, 700, 24, '2019-12-11 00:00:00');
	INSERT INTO sales_order_item (id, line_id, prod_id, quantity, ship_date) VALUES (2248, 1, 301, 12, '2019-12-14 00:00:00');
	INSERT INTO sales_order_item (id, line_id, prod_id, quantity, ship_date) VALUES (2248, 2, 400, 12, '2019-12-14 00:00:00');
	INSERT INTO sales_order_item (id, line_id, prod_id, quantity, ship_date) VALUES (2249, 1, 302, 12, '2019-12-14 00:00:00');
	INSERT INTO sales_order_item (id, line_id, prod_id, quantity, ship_date) VALUES (2249, 2, 401, 24, '2019-12-14 00:00:00');
	INSERT INTO sales_order_item (id, line_id, prod_id, quantity, ship_date) VALUES (2250, 1, 300, 24, '2019-12-15 00:00:00');
	INSERT INTO sales_order_item (id, line_id, prod_id, quantity, ship_date) VALUES (2250, 2, 700, 36, '2019-12-15 00:00:00');
	INSERT INTO sales_order_item (id, line_id, prod_id, quantity, ship_date) VALUES (2251, 1, 500, 12, '2019-12-17 00:00:00');
	INSERT INTO sales_order_item (id, line_id, prod_id, quantity, ship_date) VALUES (2251, 2, 501, 24, '2019-12-17 00:00:00');
	INSERT INTO sales_order_item (id, line_id, prod_id, quantity, ship_date) VALUES (2252, 1, 300, 12, '2019-12-18 00:00:00');
	INSERT INTO sales_order_item (id, line_id, prod_id, quantity, ship_date) VALUES (2252, 2, 302, 12, '2019-12-18 00:00:00');
	INSERT INTO sales_order_item (id, line_id, prod_id, quantity, ship_date) VALUES (2253, 1, 301, 24, '2019-12-21 00:00:00');
	INSERT INTO sales_order_item (id, line_id, prod_id, quantity, ship_date) VALUES (2253, 2, 400, 12, '2019-12-21 00:00:00');
	INSERT INTO sales_order_item (id, line_id, prod_id, quantity, ship_date) VALUES (2254, 1, 500, 36, '2019-12-22 00:00:00');
	INSERT INTO sales_order_item (id, line_id, prod_id, quantity, ship_date) VALUES (2254, 2, 501, 24, '2019-12-22 00:00:00');
	INSERT INTO sales_order_item (id, line_id, prod_id, quantity, ship_date) VALUES (2255, 1, 600, 48, '2019-12-23 00:00:00');
	INSERT INTO sales_order_item (id, line_id, prod_id, quantity, ship_date) VALUES (2255, 2, 601, 36, '2019-12-23 00:00:00');
	INSERT INTO sales_order_item (id, line_id, prod_id, quantity, ship_date) VALUES (2256, 1, 400, 12, '2019-12-24 00:00:00');
	INSERT INTO sales_order_item (id, line_id, prod_id, quantity, ship_date) VALUES (2256, 2, 401, 12, '2019-12-24 00:00:00');
	INSERT INTO sales_order_item (id, line_id, prod_id, quantity, ship_date) VALUES (2257, 1, 302, 24, '2019-12-25 00:00:00');
	INSERT INTO sales_order_item (id, line_id, prod_id, quantity, ship_date) VALUES (2257, 2, 400, 12, '2019-12-25 00:00:00');
	INSERT INTO sales_order_item (id, line_id, prod_id, quantity, ship_date) VALUES (2257, 3, 700, 24, '2019-12-25 00:00:00');
	INSERT INTO sales_order_item (id, line_id, prod_id, quantity, ship_date) VALUES (2258, 1, 300, 36, '2019-12-28 00:00:00');
	INSERT INTO sales_order_item (id, line_id, prod_id, quantity, ship_date) VALUES (2258, 2, 301, 24, '2019-12-28 00:00:00');
	INSERT INTO sales_order_item (id, line_id, prod_id, quantity, ship_date) VALUES (2258, 3, 302, 12, '2019-12-28 00:00:00');
	INSERT INTO sales_order_item (id, line_id, prod_id, quantity, ship_date) VALUES (2259, 1, 400, 36, '2019-12-29 00:00:00');
	INSERT INTO sales_order_item (id, line_id, prod_id, quantity, ship_date) VALUES (2259, 2, 401, 36, '2019-12-29 00:00:00');
	INSERT INTO sales_order_item (id, line_id, prod_id, quantity, ship_date) VALUES (2260, 1, 600, 48, '2019-12-30 00:00:00');
	INSERT INTO sales_order_item (id, line_id, prod_id, quantity, ship_date) VALUES (2260, 2, 601, 48, '2019-12-30 00:00:00');
	INSERT INTO sales_order_item (id, line_id, prod_id, quantity, ship_date) VALUES (2261, 1, 300, 12, '2019-12-31 00:00:00');
	INSERT INTO sales_order_item (id, line_id, prod_id, quantity, ship_date) VALUES (2261, 2, 700, 48, '2019-12-31 00:00:00');
	INSERT INTO sales_order_item (id, line_id, prod_id, quantity, ship_date) VALUES (2262, 1, 301, 24, '2020-01-04 00:00:00');
	INSERT INTO sales_order_item (id, line_id, prod_id, quantity, ship_date) VALUES (2262, 2, 400, 12, '2020-01-04 00:00:00');
	INSERT INTO sales_order_item (id, line_id, prod_id, quantity, ship_date) VALUES (2263, 1, 300, 24, '2020-01-05 00:00:00');
	INSERT INTO sales_order_item (id, line_id, prod_id, quantity, ship_date) VALUES (2263, 2, 302, 24, '2020-01-05 00:00:00');
	INSERT INTO sales_order_item (id, line_id, prod_id, quantity, ship_date) VALUES (2264, 1, 401, 36, '2020-01-06 00:00:00');
	INSERT INTO sales_order_item (id, line_id, prod_id, quantity, ship_date) VALUES (2264, 2, 501, 48, '2020-01-06 00:00:00');
	INSERT INTO sales_order_item (id, line_id, prod_id, quantity, ship_date) VALUES (2264, 3, 600, 12, '2020-01-06 00:00:00');
	INSERT INTO sales_order_item (id, line_id, prod_id, quantity, ship_date) VALUES (2265, 1, 400, 24, '2020-01-07 00:00:00');
	INSERT INTO sales_order_item (id, line_id, prod_id, quantity, ship_date) VALUES (2265, 2, 401, 24, '2020-01-07 00:00:00');
	INSERT INTO sales_order_item (id, line_id, prod_id, quantity, ship_date) VALUES (2266, 1, 500, 12, '2020-01-08 00:00:00');
	INSERT INTO sales_order_item (id, line_id, prod_id, quantity, ship_date) VALUES (2266, 2, 501, 12, '2020-01-08 00:00:00');
	INSERT INTO sales_order_item (id, line_id, prod_id, quantity, ship_date) VALUES (2267, 1, 600, 24, '2020-01-11 00:00:00');
	INSERT INTO sales_order_item (id, line_id, prod_id, quantity, ship_date) VALUES (2267, 2, 601, 12, '2020-01-11 00:00:00');
	INSERT INTO sales_order_item (id, line_id, prod_id, quantity, ship_date) VALUES (2267, 3, 700, 48, '2020-01-11 00:00:00');
	INSERT INTO sales_order_item (id, line_id, prod_id, quantity, ship_date) VALUES (2268, 1, 300, 12, '2020-01-12 00:00:00');
	INSERT INTO sales_order_item (id, line_id, prod_id, quantity, ship_date) VALUES (2268, 2, 301, 12, '2020-01-12 00:00:00');
	INSERT INTO sales_order_item (id, line_id, prod_id, quantity, ship_date) VALUES (2269, 1, 300, 24, '2020-01-13 00:00:00');
	INSERT INTO sales_order_item (id, line_id, prod_id, quantity, ship_date) VALUES (2269, 2, 400, 48, '2020-01-13 00:00:00');
	INSERT INTO sales_order_item (id, line_id, prod_id, quantity, ship_date) VALUES (2269, 3, 601, 12, '2020-01-13 00:00:00');
	INSERT INTO sales_order_item (id, line_id, prod_id, quantity, ship_date) VALUES (2270, 1, 400, 36, '2020-01-14 00:00:00');
	INSERT INTO sales_order_item (id, line_id, prod_id, quantity, ship_date) VALUES (2270, 2, 401, 24, '2020-01-14 00:00:00');
	INSERT INTO sales_order_item (id, line_id, prod_id, quantity, ship_date) VALUES (2271, 1, 500, 12, '2020-01-15 00:00:00');
	INSERT INTO sales_order_item (id, line_id, prod_id, quantity, ship_date) VALUES (2272, 1, 600, 24, '2020-01-15 00:00:00');
	INSERT INTO sales_order_item (id, line_id, prod_id, quantity, ship_date) VALUES (2272, 2, 601, 12, '2020-01-15 00:00:00');
	INSERT INTO sales_order_item (id, line_id, prod_id, quantity, ship_date) VALUES (2273, 1, 700, 60, '2020-01-14 00:00:00');
	INSERT INTO sales_order_item (id, line_id, prod_id, quantity, ship_date) VALUES (2274, 1, 300, 48, '2020-01-18 00:00:00');
	INSERT INTO sales_order_item (id, line_id, prod_id, quantity, ship_date) VALUES (2274, 2, 301, 36, '2020-01-18 00:00:00');
	INSERT INTO sales_order_item (id, line_id, prod_id, quantity, ship_date) VALUES (2275, 1, 400, 12, '2020-01-19 00:00:00');
	INSERT INTO sales_order_item (id, line_id, prod_id, quantity, ship_date) VALUES (2275, 2, 401, 24, '2020-01-19 00:00:00');
	INSERT INTO sales_order_item (id, line_id, prod_id, quantity, ship_date) VALUES (2276, 1, 500, 36, '2020-01-20 00:00:00');
	INSERT INTO sales_order_item (id, line_id, prod_id, quantity, ship_date) VALUES (2276, 2, 501, 24, '2020-01-20 00:00:00');
	INSERT INTO sales_order_item (id, line_id, prod_id, quantity, ship_date) VALUES (2277, 1, 600, 12, '2020-01-21 00:00:00');
	INSERT INTO sales_order_item (id, line_id, prod_id, quantity, ship_date) VALUES (2277, 2, 601, 24, '2020-01-21 00:00:00');
	INSERT INTO sales_order_item (id, line_id, prod_id, quantity, ship_date) VALUES (2278, 1, 700, 48, '2020-01-21 00:00:00');
	INSERT INTO sales_order_item (id, line_id, prod_id, quantity, ship_date) VALUES (2279, 1, 300, 12, '2020-01-22 00:00:00');
	INSERT INTO sales_order_item (id, line_id, prod_id, quantity, ship_date) VALUES (2280, 1, 301, 24, '2020-01-22 00:00:00');
	INSERT INTO sales_order_item (id, line_id, prod_id, quantity, ship_date) VALUES (2280, 2, 700, 48, '2020-01-22 00:00:00');
	INSERT INTO sales_order_item (id, line_id, prod_id, quantity, ship_date) VALUES (2281, 1, 400, 12, '2020-01-25 00:00:00');
	INSERT INTO sales_order_item (id, line_id, prod_id, quantity, ship_date) VALUES (2281, 2, 401, 12, '2020-01-25 00:00:00');
	INSERT INTO sales_order_item (id, line_id, prod_id, quantity, ship_date) VALUES (2282, 1, 600, 24, '2020-01-26 00:00:00');
	INSERT INTO sales_order_item (id, line_id, prod_id, quantity, ship_date) VALUES (2282, 2, 601, 12, '2020-01-26 00:00:00');
	INSERT INTO sales_order_item (id, line_id, prod_id, quantity, ship_date) VALUES (2283, 1, 700, 48, '2020-01-25 00:00:00');
	INSERT INTO sales_order_item (id, line_id, prod_id, quantity, ship_date) VALUES (2284, 1, 301, 12, '2020-01-27 00:00:00');
	INSERT INTO sales_order_item (id, line_id, prod_id, quantity, ship_date) VALUES (2284, 2, 700, 60, '2020-01-27 00:00:00');
	INSERT INTO sales_order_item (id, line_id, prod_id, quantity, ship_date) VALUES (2285, 1, 300, 24, '2020-01-28 00:00:00');
	INSERT INTO sales_order_item (id, line_id, prod_id, quantity, ship_date) VALUES (2285, 2, 302, 12, '2020-01-28 00:00:00');
	INSERT INTO sales_order_item (id, line_id, prod_id, quantity, ship_date) VALUES (2286, 1, 301, 24, '2020-01-29 00:00:00');
	INSERT INTO sales_order_item (id, line_id, prod_id, quantity, ship_date) VALUES (2286, 2, 400, 12, '2020-01-29 00:00:00');
	INSERT INTO sales_order_item (id, line_id, prod_id, quantity, ship_date) VALUES (2287, 1, 500, 12, '2020-01-29 00:00:00');
	INSERT INTO sales_order_item (id, line_id, prod_id, quantity, ship_date) VALUES (2287, 2, 501, 24, '2020-01-29 00:00:00');
	INSERT INTO sales_order_item (id, line_id, prod_id, quantity, ship_date) VALUES (2288, 1, 600, 12, '2020-02-02 00:00:00');
	INSERT INTO sales_order_item (id, line_id, prod_id, quantity, ship_date) VALUES (2288, 2, 601, 24, '2020-02-02 00:00:00');
	INSERT INTO sales_order_item (id, line_id, prod_id, quantity, ship_date) VALUES (2289, 1, 700, 48, '2020-02-01 00:00:00');
	INSERT INTO sales_order_item (id, line_id, prod_id, quantity, ship_date) VALUES (2290, 1, 300, 12, '2020-02-05 00:00:00');
	INSERT INTO sales_order_item (id, line_id, prod_id, quantity, ship_date) VALUES (2290, 2, 301, 12, '2020-02-05 00:00:00');
	INSERT INTO sales_order_item (id, line_id, prod_id, quantity, ship_date) VALUES (2290, 3, 600, 24, '2020-02-05 00:00:00');
	INSERT INTO sales_order_item (id, line_id, prod_id, quantity, ship_date) VALUES (2291, 1, 601, 12, '2020-02-08 00:00:00');
	INSERT INTO sales_order_item (id, line_id, prod_id, quantity, ship_date) VALUES (2291, 2, 700, 12, '2020-02-08 00:00:00');
	INSERT INTO sales_order_item (id, line_id, prod_id, quantity, ship_date) VALUES (2292, 1, 500, 24, '2020-02-09 00:00:00');
	INSERT INTO sales_order_item (id, line_id, prod_id, quantity, ship_date) VALUES (2292, 2, 501, 12, '2020-02-09 00:00:00');
	INSERT INTO sales_order_item (id, line_id, prod_id, quantity, ship_date) VALUES (2293, 1, 600, 24, '2020-02-10 00:00:00');
	INSERT INTO sales_order_item (id, line_id, prod_id, quantity, ship_date) VALUES (2293, 2, 601, 12, '2020-02-10 00:00:00');
	INSERT INTO sales_order_item (id, line_id, prod_id, quantity, ship_date) VALUES (2294, 1, 700, 36, '2020-02-09 00:00:00');
	INSERT INTO sales_order_item (id, line_id, prod_id, quantity, ship_date) VALUES (2295, 1, 500, 12, '2020-02-11 00:00:00');
	INSERT INTO sales_order_item (id, line_id, prod_id, quantity, ship_date) VALUES (2295, 2, 501, 24, '2020-02-11 00:00:00');
	INSERT INTO sales_order_item (id, line_id, prod_id, quantity, ship_date) VALUES (2296, 1, 600, 36, '2020-02-12 00:00:00');
	INSERT INTO sales_order_item (id, line_id, prod_id, quantity, ship_date) VALUES (2296, 2, 601, 24, '2020-02-12 00:00:00');
	INSERT INTO sales_order_item (id, line_id, prod_id, quantity, ship_date) VALUES (2297, 1, 700, 12, '2020-02-11 00:00:00');
	INSERT INTO sales_order_item (id, line_id, prod_id, quantity, ship_date) VALUES (2298, 1, 300, 60, '2020-02-15 00:00:00');
	INSERT INTO sales_order_item (id, line_id, prod_id, quantity, ship_date) VALUES (2298, 2, 301, 36, '2020-02-15 00:00:00');
	INSERT INTO sales_order_item (id, line_id, prod_id, quantity, ship_date) VALUES (2299, 1, 400, 12, '2020-02-16 00:00:00');
	INSERT INTO sales_order_item (id, line_id, prod_id, quantity, ship_date) VALUES (2299, 2, 401, 12, '2020-02-16 00:00:00');
	INSERT INTO sales_order_item (id, line_id, prod_id, quantity, ship_date) VALUES (2300, 1, 600, 36, '2020-02-17 00:00:00');
	INSERT INTO sales_order_item (id, line_id, prod_id, quantity, ship_date) VALUES (2300, 2, 601, 24, '2020-02-17 00:00:00');
	INSERT INTO sales_order_item (id, line_id, prod_id, quantity, ship_date) VALUES (2301, 1, 700, 36, '2020-02-17 00:00:00');
	INSERT INTO sales_order_item (id, line_id, prod_id, quantity, ship_date) VALUES (2302, 1, 400, 12, '2020-02-18 00:00:00');
	INSERT INTO sales_order_item (id, line_id, prod_id, quantity, ship_date) VALUES (2302, 2, 401, 24, '2020-02-18 00:00:00');
	INSERT INTO sales_order_item (id, line_id, prod_id, quantity, ship_date) VALUES (2303, 1, 500, 36, '2020-02-19 00:00:00');
	INSERT INTO sales_order_item (id, line_id, prod_id, quantity, ship_date) VALUES (2303, 2, 501, 36, '2020-02-19 00:00:00');
	INSERT INTO sales_order_item (id, line_id, prod_id, quantity, ship_date) VALUES (2304, 1, 700, 60, '2020-02-18 00:00:00');
	INSERT INTO sales_order_item (id, line_id, prod_id, quantity, ship_date) VALUES (2305, 1, 301, 12, '2020-02-19 00:00:00');
	INSERT INTO sales_order_item (id, line_id, prod_id, quantity, ship_date) VALUES (2306, 1, 300, 24, '2020-02-22 00:00:00');
	INSERT INTO sales_order_item (id, line_id, prod_id, quantity, ship_date) VALUES (2306, 2, 302, 12, '2020-02-22 00:00:00');
	INSERT INTO sales_order_item (id, line_id, prod_id, quantity, ship_date) VALUES (2307, 1, 301, 36, '2020-02-23 00:00:00');
	INSERT INTO sales_order_item (id, line_id, prod_id, quantity, ship_date) VALUES (2307, 2, 700, 12, '2020-02-23 00:00:00');
	INSERT INTO sales_order_item (id, line_id, prod_id, quantity, ship_date) VALUES (2308, 1, 400, 24, '2020-02-24 00:00:00');
	INSERT INTO sales_order_item (id, line_id, prod_id, quantity, ship_date) VALUES (2308, 2, 401, 24, '2020-02-24 00:00:00');
	INSERT INTO sales_order_item (id, line_id, prod_id, quantity, ship_date) VALUES (2309, 1, 500, 12, '2020-02-25 00:00:00');
	INSERT INTO sales_order_item (id, line_id, prod_id, quantity, ship_date) VALUES (2309, 2, 501, 12, '2020-02-25 00:00:00');
	INSERT INTO sales_order_item (id, line_id, prod_id, quantity, ship_date) VALUES (2310, 1, 600, 24, '2020-02-26 00:00:00');
	INSERT INTO sales_order_item (id, line_id, prod_id, quantity, ship_date) VALUES (2310, 2, 601, 24, '2020-02-26 00:00:00');
	INSERT INTO sales_order_item (id, line_id, prod_id, quantity, ship_date) VALUES (2311, 1, 700, 36, '2020-02-25 00:00:00');
	INSERT INTO sales_order_item (id, line_id, prod_id, quantity, ship_date) VALUES (2312, 1, 300, 12, '2020-03-01 00:00:00');
	INSERT INTO sales_order_item (id, line_id, prod_id, quantity, ship_date) VALUES (2312, 2, 301, 12, '2020-03-01 00:00:00');
	INSERT INTO sales_order_item (id, line_id, prod_id, quantity, ship_date) VALUES (2312, 3, 302, 12, '2020-03-01 00:00:00');
	INSERT INTO sales_order_item (id, line_id, prod_id, quantity, ship_date) VALUES (2313, 1, 300, 12, '2020-03-02 00:00:00');
	INSERT INTO sales_order_item (id, line_id, prod_id, quantity, ship_date) VALUES (2313, 2, 700, 24, '2020-03-02 00:00:00');
	INSERT INTO sales_order_item (id, line_id, prod_id, quantity, ship_date) VALUES (2314, 1, 301, 24, '2020-03-02 00:00:00');
	INSERT INTO sales_order_item (id, line_id, prod_id, quantity, ship_date) VALUES (2315, 1, 400, 12, '2020-03-03 00:00:00');
	INSERT INTO sales_order_item (id, line_id, prod_id, quantity, ship_date) VALUES (2315, 2, 401, 12, '2020-03-03 00:00:00');
	INSERT INTO sales_order_item (id, line_id, prod_id, quantity, ship_date) VALUES (2316, 1, 500, 24, '2020-03-04 00:00:00');
	INSERT INTO sales_order_item (id, line_id, prod_id, quantity, ship_date) VALUES (2316, 2, 501, 12, '2020-03-04 00:00:00');
	INSERT INTO sales_order_item (id, line_id, prod_id, quantity, ship_date) VALUES (2317, 1, 600, 36, '2020-03-05 00:00:00');
	INSERT INTO sales_order_item (id, line_id, prod_id, quantity, ship_date) VALUES (2317, 2, 601, 48, '2020-03-05 00:00:00');
	INSERT INTO sales_order_item (id, line_id, prod_id, quantity, ship_date) VALUES (2318, 1, 300, 12, '2020-03-08 00:00:00');
	INSERT INTO sales_order_item (id, line_id, prod_id, quantity, ship_date) VALUES (2318, 2, 301, 12, '2020-03-08 00:00:00');
	INSERT INTO sales_order_item (id, line_id, prod_id, quantity, ship_date) VALUES (2319, 1, 302, 24, '2020-03-09 00:00:00');
	INSERT INTO sales_order_item (id, line_id, prod_id, quantity, ship_date) VALUES (2319, 2, 700, 36, '2020-03-09 00:00:00');
	INSERT INTO sales_order_item (id, line_id, prod_id, quantity, ship_date) VALUES (2320, 1, 400, 12, '2020-03-10 00:00:00');
	INSERT INTO sales_order_item (id, line_id, prod_id, quantity, ship_date) VALUES (2320, 2, 401, 12, '2020-03-10 00:00:00');
	INSERT INTO sales_order_item (id, line_id, prod_id, quantity, ship_date) VALUES (2321, 1, 501, 24, '2020-03-10 00:00:00');
	INSERT INTO sales_order_item (id, line_id, prod_id, quantity, ship_date) VALUES (2322, 1, 700, 60, '2020-03-11 00:00:00');
	INSERT INTO sales_order_item (id, line_id, prod_id, quantity, ship_date) VALUES (2323, 1, 600, 48, '2020-03-10 00:00:00');
	INSERT INTO sales_order_item (id, line_id, prod_id, quantity, ship_date) VALUES (2324, 1, 601, 24, '2020-03-12 00:00:00');
	INSERT INTO sales_order_item (id, line_id, prod_id, quantity, ship_date) VALUES (2324, 2, 700, 12, '2020-03-12 00:00:00');
	INSERT INTO sales_order_item (id, line_id, prod_id, quantity, ship_date) VALUES (2325, 1, 400, 24, '2020-03-15 00:00:00');
	INSERT INTO sales_order_item (id, line_id, prod_id, quantity, ship_date) VALUES (2326, 1, 600, 12, '2020-03-15 00:00:00');
	INSERT INTO sales_order_item (id, line_id, prod_id, quantity, ship_date) VALUES (2327, 1, 300, 24, '2020-03-16 00:00:00');
	INSERT INTO sales_order_item (id, line_id, prod_id, quantity, ship_date) VALUES (2327, 2, 302, 12, '2020-03-16 00:00:00');
	INSERT INTO sales_order_item (id, line_id, prod_id, quantity, ship_date) VALUES (2328, 1, 301, 36, '2020-03-17 00:00:00');
	INSERT INTO sales_order_item (id, line_id, prod_id, quantity, ship_date) VALUES (2328, 2, 302, 24, '2020-03-17 00:00:00');
	INSERT INTO sales_order_item (id, line_id, prod_id, quantity, ship_date) VALUES (2329, 1, 300, 12, '2020-03-18 00:00:00');
	INSERT INTO sales_order_item (id, line_id, prod_id, quantity, ship_date) VALUES (2329, 2, 700, 48, '2020-03-18 00:00:00');
	INSERT INTO sales_order_item (id, line_id, prod_id, quantity, ship_date) VALUES (2330, 1, 400, 24, '2020-03-19 00:00:00');
	INSERT INTO sales_order_item (id, line_id, prod_id, quantity, ship_date) VALUES (2331, 1, 501, 12, '2020-03-18 00:00:00');
	INSERT INTO sales_order_item (id, line_id, prod_id, quantity, ship_date) VALUES (2332, 1, 600, 72, '2020-03-22 00:00:00');
	INSERT INTO sales_order_item (id, line_id, prod_id, quantity, ship_date) VALUES (2333, 1, 700, 12, '2020-03-19 00:00:00');
	INSERT INTO sales_order_item (id, line_id, prod_id, quantity, ship_date) VALUES (2334, 1, 301, 24, '2020-03-23 00:00:00');
	INSERT INTO sales_order_item (id, line_id, prod_id, quantity, ship_date) VALUES (2334, 2, 302, 12, '2020-03-23 00:00:00');
	INSERT INTO sales_order_item (id, line_id, prod_id, quantity, ship_date) VALUES (2335, 1, 300, 36, '2020-03-24 00:00:00');
	INSERT INTO sales_order_item (id, line_id, prod_id, quantity, ship_date) VALUES (2336, 1, 700, 36, '2020-03-24 00:00:00');
	INSERT INTO sales_order_item (id, line_id, prod_id, quantity, ship_date) VALUES (2337, 1, 300, 12, '2020-03-25 00:00:00');
	INSERT INTO sales_order_item (id, line_id, prod_id, quantity, ship_date) VALUES (2337, 2, 301, 24, '2020-03-25 00:00:00');
	INSERT INTO sales_order_item (id, line_id, prod_id, quantity, ship_date) VALUES (2338, 1, 302, 12, '2020-03-25 00:00:00');
	INSERT INTO sales_order_item (id, line_id, prod_id, quantity, ship_date) VALUES (2339, 1, 400, 24, '2020-03-26 00:00:00');
	INSERT INTO sales_order_item (id, line_id, prod_id, quantity, ship_date) VALUES (2340, 1, 500, 36, '2020-03-29 00:00:00');
	INSERT INTO sales_order_item (id, line_id, prod_id, quantity, ship_date) VALUES (2341, 1, 601, 12, '2020-03-26 00:00:00');
	INSERT INTO sales_order_item (id, line_id, prod_id, quantity, ship_date) VALUES (2342, 1, 700, 24, '2020-03-30 00:00:00');
	INSERT INTO sales_order_item (id, line_id, prod_id, quantity, ship_date) VALUES (2343, 1, 400, 12, '2020-03-30 00:00:00');
	INSERT INTO sales_order_item (id, line_id, prod_id, quantity, ship_date) VALUES (2344, 1, 501, 36, '2020-03-31 00:00:00');
	INSERT INTO sales_order_item (id, line_id, prod_id, quantity, ship_date) VALUES (2345, 1, 600, 24, '2020-03-30 00:00:00');
	INSERT INTO sales_order_item (id, line_id, prod_id, quantity, ship_date) VALUES (2346, 1, 302, 12, '2020-03-31 00:00:00');
	INSERT INTO sales_order_item (id, line_id, prod_id, quantity, ship_date) VALUES (2347, 1, 400, 38, '2020-04-01 00:00:00');
	INSERT INTO sales_order_item (id, line_id, prod_id, quantity, ship_date) VALUES (2348, 1, 500, 24, '2020-04-02 00:00:00');
	INSERT INTO sales_order_item (id, line_id, prod_id, quantity, ship_date) VALUES (2349, 1, 302, 60, '2020-04-01 00:00:00');
	INSERT INTO sales_order_item (id, line_id, prod_id, quantity, ship_date) VALUES (2350, 1, 401, 48, '2020-04-05 00:00:00');
	INSERT INTO sales_order_item (id, line_id, prod_id, quantity, ship_date) VALUES (2351, 1, 500, 12, '2020-04-02 00:00:00');
	INSERT INTO sales_order_item (id, line_id, prod_id, quantity, ship_date) VALUES (2352, 1, 300, 36, '2020-04-06 00:00:00');
	INSERT INTO sales_order_item (id, line_id, prod_id, quantity, ship_date) VALUES (2353, 1, 501, 24, '2020-04-05 00:00:00');
	INSERT INTO sales_order_item (id, line_id, prod_id, quantity, ship_date) VALUES (2354, 1, 600, 12, '2020-04-07 00:00:00');
	INSERT INTO sales_order_item (id, line_id, prod_id, quantity, ship_date) VALUES (2355, 1, 601, 36, '2020-04-07 00:00:00');
	INSERT INTO sales_order_item (id, line_id, prod_id, quantity, ship_date) VALUES (2355, 2, 700, 24, '2020-04-07 00:00:00');
	INSERT INTO sales_order_item (id, line_id, prod_id, quantity, ship_date) VALUES (2356, 1, 300, 12, '2020-04-08 00:00:00');
	INSERT INTO sales_order_item (id, line_id, prod_id, quantity, ship_date) VALUES (2357, 1, 302, 24, '2020-04-07 00:00:00');
	INSERT INTO sales_order_item (id, line_id, prod_id, quantity, ship_date) VALUES (2358, 1, 401, 36, '2020-04-09 00:00:00');
	INSERT INTO sales_order_item (id, line_id, prod_id, quantity, ship_date) VALUES (2359, 1, 500, 12, '2020-04-09 00:00:00');
	INSERT INTO sales_order_item (id, line_id, prod_id, quantity, ship_date) VALUES (2360, 1, 301, 24, '2020-04-12 00:00:00');
	INSERT INTO sales_order_item (id, line_id, prod_id, quantity, ship_date) VALUES (2360, 2, 302, 12, '2020-04-12 00:00:00');
	INSERT INTO sales_order_item (id, line_id, prod_id, quantity, ship_date) VALUES (2361, 1, 400, 36, '2020-04-09 00:00:00');
	INSERT INTO sales_order_item (id, line_id, prod_id, quantity, ship_date) VALUES (2362, 1, 501, 24, '2020-04-13 00:00:00');
	INSERT INTO sales_order_item (id, line_id, prod_id, quantity, ship_date) VALUES (2363, 1, 601, 36, '2020-04-13 00:00:00');
	INSERT INTO sales_order_item (id, line_id, prod_id, quantity, ship_date) VALUES (2364, 1, 700, 72, '2020-04-14 00:00:00');
	INSERT INTO sales_order_item (id, line_id, prod_id, quantity, ship_date) VALUES (2365, 1, 300, 12, '2020-04-13 00:00:00');
	INSERT INTO sales_order_item (id, line_id, prod_id, quantity, ship_date) VALUES (2366, 1, 500, 36, '2020-04-15 00:00:00');
	INSERT INTO sales_order_item (id, line_id, prod_id, quantity, ship_date) VALUES (2366, 2, 501, 24, '2020-04-15 00:00:00');
	INSERT INTO sales_order_item (id, line_id, prod_id, quantity, ship_date) VALUES (2367, 1, 400, 12, '2020-04-16 00:00:00');
	INSERT INTO sales_order_item (id, line_id, prod_id, quantity, ship_date) VALUES (2368, 1, 401, 24, '2020-04-15 00:00:00');
	INSERT INTO sales_order_item (id, line_id, prod_id, quantity, ship_date) VALUES (2369, 1, 700, 48, '2020-04-19 00:00:00');
	INSERT INTO sales_order_item (id, line_id, prod_id, quantity, ship_date) VALUES (2370, 1, 600, 12, '2020-04-19 00:00:00');
	INSERT INTO sales_order_item (id, line_id, prod_id, quantity, ship_date) VALUES (2371, 1, 501, 36, '2020-04-20 00:00:00');
	INSERT INTO sales_order_item (id, line_id, prod_id, quantity, ship_date) VALUES (2372, 1, 300, 24, '2020-04-20 00:00:00');
	INSERT INTO sales_order_item (id, line_id, prod_id, quantity, ship_date) VALUES (2373, 1, 302, 12, '2020-04-21 00:00:00');
	INSERT INTO sales_order_item (id, line_id, prod_id, quantity, ship_date) VALUES (2374, 1, 501, 36, '2020-04-21 00:00:00');
	INSERT INTO sales_order_item (id, line_id, prod_id, quantity, ship_date) VALUES (2375, 1, 500, 24, '2020-04-22 00:00:00');
	INSERT INTO sales_order_item (id, line_id, prod_id, quantity, ship_date) VALUES (2376, 1, 600, 12, '2020-04-22 00:00:00');
	INSERT INTO sales_order_item (id, line_id, prod_id, quantity, ship_date) VALUES (2377, 1, 700, 48, '2020-04-23 00:00:00');
	INSERT INTO sales_order_item (id, line_id, prod_id, quantity, ship_date) VALUES (2378, 1, 301, 36, '2020-04-23 00:00:00');
	INSERT INTO sales_order_item (id, line_id, prod_id, quantity, ship_date) VALUES (2379, 1, 401, 24, '2020-04-23 00:00:00');
	INSERT INTO sales_order_item (id, line_id, prod_id, quantity, ship_date) VALUES (2379, 2, 600, 12, '2020-04-23 00:00:00');
	INSERT INTO sales_order_item (id, line_id, prod_id, quantity, ship_date) VALUES (2380, 1, 400, 36, '2020-04-27 00:00:00');
	INSERT INTO sales_order_item (id, line_id, prod_id, quantity, ship_date) VALUES (2381, 1, 302, 24, '2020-04-27 00:00:00');
	INSERT INTO sales_order_item (id, line_id, prod_id, quantity, ship_date) VALUES (2382, 1, 400, 12, '2020-04-28 00:00:00');
	INSERT INTO sales_order_item (id, line_id, prod_id, quantity, ship_date) VALUES (2383, 1, 601, 24, '2020-04-28 00:00:00');
	INSERT INTO sales_order_item (id, line_id, prod_id, quantity, ship_date) VALUES (2384, 1, 300, 48, '2020-04-29 00:00:00');
	INSERT INTO sales_order_item (id, line_id, prod_id, quantity, ship_date) VALUES (2384, 2, 401, 36, '2020-04-29 00:00:00');
	INSERT INTO sales_order_item (id, line_id, prod_id, quantity, ship_date) VALUES (2385, 1, 700, 24, '2020-04-30 00:00:00');
	INSERT INTO sales_order_item (id, line_id, prod_id, quantity, ship_date) VALUES (2386, 1, 500, 12, '2020-04-30 00:00:00');
	INSERT INTO sales_order_item (id, line_id, prod_id, quantity, ship_date) VALUES (2387, 1, 302, 24, '2020-04-30 00:00:00');
	INSERT INTO sales_order_item (id, line_id, prod_id, quantity, ship_date) VALUES (2387, 2, 700, 36, '2020-04-30 00:00:00');
	INSERT INTO sales_order_item (id, line_id, prod_id, quantity, ship_date) VALUES (2388, 1, 401, 12, '2020-04-30 00:00:00');
	INSERT INTO sales_order_item (id, line_id, prod_id, quantity, ship_date) VALUES (2388, 2, 501, 24, '2020-04-30 00:00:00');
	INSERT INTO sales_order_item (id, line_id, prod_id, quantity, ship_date) VALUES (2388, 3, 700, 60, '2020-04-30 00:00:00');
	INSERT INTO sales_order_item (id, line_id, prod_id, quantity, ship_date) VALUES (2389, 1, 600, 24, '2020-04-19 00:00:00');
	INSERT INTO sales_order_item (id, line_id, prod_id, quantity, ship_date) VALUES (2389, 2, 601, 12, '2020-04-19 00:00:00');
	INSERT INTO sales_order_item (id, line_id, prod_id, quantity, ship_date) VALUES (2390, 1, 400, 36, '2020-05-04 00:00:00');
	INSERT INTO sales_order_item (id, line_id, prod_id, quantity, ship_date) VALUES (2390, 2, 401, 24, '2020-05-04 00:00:00');
	INSERT INTO sales_order_item (id, line_id, prod_id, quantity, ship_date) VALUES (2391, 1, 300, 12, '2020-05-04 00:00:00');
	INSERT INTO sales_order_item (id, line_id, prod_id, quantity, ship_date) VALUES (2392, 1, 500, 24, '2020-05-05 00:00:00');
	INSERT INTO sales_order_item (id, line_id, prod_id, quantity, ship_date) VALUES (2392, 2, 501, 24, '2020-05-05 00:00:00');
	INSERT INTO sales_order_item (id, line_id, prod_id, quantity, ship_date) VALUES (2393, 1, 600, 12, '2020-05-04 00:00:00');
	INSERT INTO sales_order_item (id, line_id, prod_id, quantity, ship_date) VALUES (2394, 1, 700, 48, '2020-05-05 00:00:00');
	INSERT INTO sales_order_item (id, line_id, prod_id, quantity, ship_date) VALUES (2395, 1, 301, 60, '2020-05-06 00:00:00');
	INSERT INTO sales_order_item (id, line_id, prod_id, quantity, ship_date) VALUES (2395, 2, 302, 24, '2020-05-06 00:00:00');
	INSERT INTO sales_order_item (id, line_id, prod_id, quantity, ship_date) VALUES (2396, 1, 500, 12, '2020-05-07 00:00:00');
	INSERT INTO sales_order_item (id, line_id, prod_id, quantity, ship_date) VALUES (2396, 2, 501, 12, '2020-05-07 00:00:00');
	INSERT INTO sales_order_item (id, line_id, prod_id, quantity, ship_date) VALUES (2397, 1, 700, 36, '2020-05-07 00:00:00');
	INSERT INTO sales_order_item (id, line_id, prod_id, quantity, ship_date) VALUES (2398, 1, 400, 24, '2020-05-07 00:00:00');
	INSERT INTO sales_order_item (id, line_id, prod_id, quantity, ship_date) VALUES (2398, 2, 500, 12, '2020-05-10 00:00:00');
	INSERT INTO sales_order_item (id, line_id, prod_id, quantity, ship_date) VALUES (2398, 3, 501, 24, '2020-05-10 00:00:00');
	INSERT INTO sales_order_item (id, line_id, prod_id, quantity, ship_date) VALUES (2399, 1, 401, 48, '2020-05-11 00:00:00');
	INSERT INTO sales_order_item (id, line_id, prod_id, quantity, ship_date) VALUES (2399, 2, 700, 12, '2020-05-11 00:00:00');
	INSERT INTO sales_order_item (id, line_id, prod_id, quantity, ship_date) VALUES (2400, 1, 300, 24, '2020-05-11 00:00:00');
	INSERT INTO sales_order_item (id, line_id, prod_id, quantity, ship_date) VALUES (2400, 2, 301, 24, '2020-05-11 00:00:00');
	INSERT INTO sales_order_item (id, line_id, prod_id, quantity, ship_date) VALUES (2401, 1, 600, 12, '2020-05-12 00:00:00');
	INSERT INTO sales_order_item (id, line_id, prod_id, quantity, ship_date) VALUES (2401, 2, 601, 24, '2020-05-12 00:00:00');
	INSERT INTO sales_order_item (id, line_id, prod_id, quantity, ship_date) VALUES (2402, 1, 302, 36, '2020-05-11 00:00:00');
	INSERT INTO sales_order_item (id, line_id, prod_id, quantity, ship_date) VALUES (2403, 1, 400, 12, '2020-05-12 00:00:00');
	INSERT INTO sales_order_item (id, line_id, prod_id, quantity, ship_date) VALUES (2403, 2, 401, 12, '2020-05-12 00:00:00');
	INSERT INTO sales_order_item (id, line_id, prod_id, quantity, ship_date) VALUES (2404, 1, 500, 24, '2020-05-13 00:00:00');
	INSERT INTO sales_order_item (id, line_id, prod_id, quantity, ship_date) VALUES (2404, 2, 501, 12, '2020-05-13 00:00:00');
	INSERT INTO sales_order_item (id, line_id, prod_id, quantity, ship_date) VALUES (2405, 1, 300, 36, '2020-05-14 00:00:00');
	INSERT INTO sales_order_item (id, line_id, prod_id, quantity, ship_date) VALUES (2405, 2, 301, 36, '2020-05-14 00:00:00');
	INSERT INTO sales_order_item (id, line_id, prod_id, quantity, ship_date) VALUES (2406, 1, 400, 24, '2020-05-14 00:00:00');
	INSERT INTO sales_order_item (id, line_id, prod_id, quantity, ship_date) VALUES (2406, 2, 401, 12, '2020-05-14 00:00:00');
	INSERT INTO sales_order_item (id, line_id, prod_id, quantity, ship_date) VALUES (2407, 1, 302, 36, '2020-05-17 00:00:00');
	INSERT INTO sales_order_item (id, line_id, prod_id, quantity, ship_date) VALUES (2407, 2, 700, 24, '2020-05-17 00:00:00');
	INSERT INTO sales_order_item (id, line_id, prod_id, quantity, ship_date) VALUES (2408, 1, 500, 36, '2020-05-14 00:00:00');
	INSERT INTO sales_order_item (id, line_id, prod_id, quantity, ship_date) VALUES (2408, 2, 501, 24, '2020-05-14 00:00:00');
	INSERT INTO sales_order_item (id, line_id, prod_id, quantity, ship_date) VALUES (2409, 1, 600, 12, '2020-05-18 00:00:00');
	INSERT INTO sales_order_item (id, line_id, prod_id, quantity, ship_date) VALUES (2409, 2, 601, 24, '2020-05-18 00:00:00');
	INSERT INTO sales_order_item (id, line_id, prod_id, quantity, ship_date) VALUES (2410, 1, 400, 12, '2020-05-17 00:00:00');
	INSERT INTO sales_order_item (id, line_id, prod_id, quantity, ship_date) VALUES (2411, 1, 300, 36, '2020-05-19 00:00:00');
	INSERT INTO sales_order_item (id, line_id, prod_id, quantity, ship_date) VALUES (2411, 2, 301, 24, '2020-05-19 00:00:00');
	INSERT INTO sales_order_item (id, line_id, prod_id, quantity, ship_date) VALUES (2411, 3, 302, 12, '2020-05-19 00:00:00');
	INSERT INTO sales_order_item (id, line_id, prod_id, quantity, ship_date) VALUES (2412, 1, 400, 24, '2020-05-20 00:00:00');
	INSERT INTO sales_order_item (id, line_id, prod_id, quantity, ship_date) VALUES (2412, 2, 401, 24, '2020-05-20 00:00:00');
	INSERT INTO sales_order_item (id, line_id, prod_id, quantity, ship_date) VALUES (2413, 1, 500, 60, '2020-05-19 00:00:00');
	INSERT INTO sales_order_item (id, line_id, prod_id, quantity, ship_date) VALUES (2414, 1, 501, 36, '2020-05-21 00:00:00');
	INSERT INTO sales_order_item (id, line_id, prod_id, quantity, ship_date) VALUES (2414, 2, 600, 24, '2020-05-21 00:00:00');
	INSERT INTO sales_order_item (id, line_id, prod_id, quantity, ship_date) VALUES (2415, 1, 601, 12, '2020-05-21 00:00:00');
	INSERT INTO sales_order_item (id, line_id, prod_id, quantity, ship_date) VALUES (2416, 1, 700, 36, '2020-05-20 00:00:00');
	INSERT INTO sales_order_item (id, line_id, prod_id, quantity, ship_date) VALUES (2417, 1, 302, 12, '2020-05-20 00:00:00');
	INSERT INTO sales_order_item (id, line_id, prod_id, quantity, ship_date) VALUES (2418, 1, 300, 24, '2020-05-24 00:00:00');
	INSERT INTO sales_order_item (id, line_id, prod_id, quantity, ship_date) VALUES (2418, 2, 301, 12, '2020-05-24 00:00:00');
	INSERT INTO sales_order_item (id, line_id, prod_id, quantity, ship_date) VALUES (2419, 1, 302, 24, '2020-05-21 00:00:00');
	INSERT INTO sales_order_item (id, line_id, prod_id, quantity, ship_date) VALUES (2420, 1, 400, 36, '2020-05-25 00:00:00');
	INSERT INTO sales_order_item (id, line_id, prod_id, quantity, ship_date) VALUES (2421, 1, 401, 48, '2020-05-25 00:00:00');
	INSERT INTO sales_order_item (id, line_id, prod_id, quantity, ship_date) VALUES (2422, 1, 500, 36, '2020-05-24 00:00:00');
	INSERT INTO sales_order_item (id, line_id, prod_id, quantity, ship_date) VALUES (2423, 1, 501, 12, '2020-05-26 00:00:00');
	INSERT INTO sales_order_item (id, line_id, prod_id, quantity, ship_date) VALUES (2423, 2, 600, 24, '2020-05-26 00:00:00');
	INSERT INTO sales_order_item (id, line_id, prod_id, quantity, ship_date) VALUES (2424, 1, 601, 36, '2020-05-26 00:00:00');
	INSERT INTO sales_order_item (id, line_id, prod_id, quantity, ship_date) VALUES (2425, 1, 600, 24, '2020-05-26 00:00:00');
	INSERT INTO sales_order_item (id, line_id, prod_id, quantity, ship_date) VALUES (2425, 2, 700, 12, '2020-05-26 00:00:00');
	INSERT INTO sales_order_item (id, line_id, prod_id, quantity, ship_date) VALUES (2426, 1, 300, 12, '2020-05-31 00:00:00');
	INSERT INTO sales_order_item (id, line_id, prod_id, quantity, ship_date) VALUES (2426, 2, 301, 24, '2020-05-31 00:00:00');
	INSERT INTO sales_order_item (id, line_id, prod_id, quantity, ship_date) VALUES (2426, 3, 302, 24, '2020-05-31 00:00:00');
	INSERT INTO sales_order_item (id, line_id, prod_id, quantity, ship_date) VALUES (2427, 1, 700, 36, '2020-05-26 00:00:00');
	INSERT INTO sales_order_item (id, line_id, prod_id, quantity, ship_date) VALUES (2428, 1, 400, 12, '2020-06-01 00:00:00');
	INSERT INTO sales_order_item (id, line_id, prod_id, quantity, ship_date) VALUES (2428, 2, 401, 24, '2020-06-01 00:00:00');
	INSERT INTO sales_order_item (id, line_id, prod_id, quantity, ship_date) VALUES (2429, 1, 500, 24, '2020-05-31 00:00:00');
	INSERT INTO sales_order_item (id, line_id, prod_id, quantity, ship_date) VALUES (2430, 1, 501, 12, '2020-06-02 00:00:00');
	INSERT INTO sales_order_item (id, line_id, prod_id, quantity, ship_date) VALUES (2430, 2, 600, 24, '2020-06-02 00:00:00');
	INSERT INTO sales_order_item (id, line_id, prod_id, quantity, ship_date) VALUES (2431, 1, 601, 36, '2020-06-01 00:00:00');
	INSERT INTO sales_order_item (id, line_id, prod_id, quantity, ship_date) VALUES (2432, 1, 300, 24, '2020-06-03 00:00:00');
	INSERT INTO sales_order_item (id, line_id, prod_id, quantity, ship_date) VALUES (2432, 2, 700, 12, '2020-06-03 00:00:00');
	INSERT INTO sales_order_item (id, line_id, prod_id, quantity, ship_date) VALUES (2433, 1, 301, 36, '2020-06-03 00:00:00');
	INSERT INTO sales_order_item (id, line_id, prod_id, quantity, ship_date) VALUES (2434, 1, 302, 12, '2020-06-04 00:00:00');
	INSERT INTO sales_order_item (id, line_id, prod_id, quantity, ship_date) VALUES (2434, 2, 400, 24, '2020-06-04 00:00:00');
	INSERT INTO sales_order_item (id, line_id, prod_id, quantity, ship_date) VALUES (2435, 1, 401, 24, '2020-06-04 00:00:00');
	INSERT INTO sales_order_item (id, line_id, prod_id, quantity, ship_date) VALUES (2436, 1, 500, 36, '2020-06-07 00:00:00');
	INSERT INTO sales_order_item (id, line_id, prod_id, quantity, ship_date) VALUES (2436, 2, 501, 24, '2020-06-07 00:00:00');
	INSERT INTO sales_order_item (id, line_id, prod_id, quantity, ship_date) VALUES (2437, 1, 600, 12, '2020-06-04 00:00:00');
	INSERT INTO sales_order_item (id, line_id, prod_id, quantity, ship_date) VALUES (2438, 1, 601, 24, '2020-06-08 00:00:00');
	INSERT INTO sales_order_item (id, line_id, prod_id, quantity, ship_date) VALUES (2438, 2, 700, 36, '2020-06-08 00:00:00');
	INSERT INTO sales_order_item (id, line_id, prod_id, quantity, ship_date) VALUES (2439, 1, 300, 12, '2020-06-07 00:00:00');
	INSERT INTO sales_order_item (id, line_id, prod_id, quantity, ship_date) VALUES (2439, 2, 301, 12, '2020-06-07 00:00:00');
	INSERT INTO sales_order_item (id, line_id, prod_id, quantity, ship_date) VALUES (2440, 1, 400, 24, '2020-06-09 00:00:00');
	INSERT INTO sales_order_item (id, line_id, prod_id, quantity, ship_date) VALUES (2440, 2, 401, 12, '2020-06-09 00:00:00');
	INSERT INTO sales_order_item (id, line_id, prod_id, quantity, ship_date) VALUES (2441, 1, 500, 36, '2020-06-08 00:00:00');
	INSERT INTO sales_order_item (id, line_id, prod_id, quantity, ship_date) VALUES (2441, 2, 501, 36, '2020-06-08 00:00:00');
	INSERT INTO sales_order_item (id, line_id, prod_id, quantity, ship_date) VALUES (2442, 1, 700, 12, '2020-06-09 00:00:00');
	INSERT INTO sales_order_item (id, line_id, prod_id, quantity, ship_date) VALUES (2443, 1, 600, 24, '2020-06-10 00:00:00');
	INSERT INTO sales_order_item (id, line_id, prod_id, quantity, ship_date) VALUES (2443, 2, 601, 12, '2020-06-10 00:00:00');
	INSERT INTO sales_order_item (id, line_id, prod_id, quantity, ship_date) VALUES (2444, 1, 300, 24, '2020-06-09 00:00:00');
	INSERT INTO sales_order_item (id, line_id, prod_id, quantity, ship_date) VALUES (2445, 1, 301, 36, '2020-06-11 00:00:00');
	INSERT INTO sales_order_item (id, line_id, prod_id, quantity, ship_date) VALUES (2445, 2, 302, 24, '2020-06-11 00:00:00');
	INSERT INTO sales_order_item (id, line_id, prod_id, quantity, ship_date) VALUES (2446, 1, 400, 36, '2020-06-11 00:00:00');
	INSERT INTO sales_order_item (id, line_id, prod_id, quantity, ship_date) VALUES (2446, 2, 401, 24, '2020-06-11 00:00:00');
	INSERT INTO sales_order_item (id, line_id, prod_id, quantity, ship_date) VALUES (2447, 1, 500, 12, '2020-06-14 00:00:00');
	INSERT INTO sales_order_item (id, line_id, prod_id, quantity, ship_date) VALUES (2447, 2, 501, 24, '2020-06-14 00:00:00');
	INSERT INTO sales_order_item (id, line_id, prod_id, quantity, ship_date) VALUES (2448, 1, 600, 12, '2020-06-11 00:00:00');
	INSERT INTO sales_order_item (id, line_id, prod_id, quantity, ship_date) VALUES (2449, 1, 601, 24, '2020-06-15 00:00:00');
	INSERT INTO sales_order_item (id, line_id, prod_id, quantity, ship_date) VALUES (2449, 2, 700, 36, '2020-06-15 00:00:00');
	INSERT INTO sales_order_item (id, line_id, prod_id, quantity, ship_date) VALUES (2450, 1, 300, 12, '2020-06-14 00:00:00');
	INSERT INTO sales_order_item (id, line_id, prod_id, quantity, ship_date) VALUES (2451, 1, 301, 24, '2020-06-16 00:00:00');
	INSERT INTO sales_order_item (id, line_id, prod_id, quantity, ship_date) VALUES (2451, 2, 302, 12, '2020-06-16 00:00:00');
	INSERT INTO sales_order_item (id, line_id, prod_id, quantity, ship_date) VALUES (2452, 1, 400, 24, '2020-06-16 00:00:00');
	INSERT INTO sales_order_item (id, line_id, prod_id, quantity, ship_date) VALUES (2453, 1, 401, 12, '2020-06-17 00:00:00');
	INSERT INTO sales_order_item (id, line_id, prod_id, quantity, ship_date) VALUES (2453, 2, 500, 12, '2020-06-17 00:00:00');
	INSERT INTO sales_order_item (id, line_id, prod_id, quantity, ship_date) VALUES (2454, 1, 501, 36, '2020-06-17 00:00:00');
	INSERT INTO sales_order_item (id, line_id, prod_id, quantity, ship_date) VALUES (2455, 1, 600, 24, '2020-06-18 00:00:00');
	INSERT INTO sales_order_item (id, line_id, prod_id, quantity, ship_date) VALUES (2455, 2, 601, 24, '2020-06-18 00:00:00');
	INSERT INTO sales_order_item (id, line_id, prod_id, quantity, ship_date) VALUES (2456, 1, 700, 12, '2020-06-17 00:00:00');
	INSERT INTO sales_order_item (id, line_id, prod_id, quantity, ship_date) VALUES (2457, 1, 300, 12, '2020-06-17 00:00:00');
	INSERT INTO sales_order_item (id, line_id, prod_id, quantity, ship_date) VALUES (2458, 1, 301, 24, '2020-06-18 00:00:00');
	INSERT INTO sales_order_item (id, line_id, prod_id, quantity, ship_date) VALUES (2458, 2, 302, 24, '2020-06-18 00:00:00');
	INSERT INTO sales_order_item (id, line_id, prod_id, quantity, ship_date) VALUES (2459, 1, 400, 12, '2020-06-22 00:00:00');
	INSERT INTO sales_order_item (id, line_id, prod_id, quantity, ship_date) VALUES (2459, 2, 401, 24, '2020-06-22 00:00:00');
	INSERT INTO sales_order_item (id, line_id, prod_id, quantity, ship_date) VALUES (2460, 1, 500, 12, '2020-06-22 00:00:00');
	INSERT INTO sales_order_item (id, line_id, prod_id, quantity, ship_date) VALUES (2460, 2, 501, 24, '2020-06-22 00:00:00');
	INSERT INTO sales_order_item (id, line_id, prod_id, quantity, ship_date) VALUES (2461, 1, 600, 36, '2020-06-23 00:00:00');
	INSERT INTO sales_order_item (id, line_id, prod_id, quantity, ship_date) VALUES (2461, 2, 601, 48, '2020-06-23 00:00:00');
	INSERT INTO sales_order_item (id, line_id, prod_id, quantity, ship_date) VALUES (2462, 1, 401, 12, '2020-06-24 00:00:00');
	INSERT INTO sales_order_item (id, line_id, prod_id, quantity, ship_date) VALUES (2462, 2, 700, 60, '2020-06-22 00:00:00');
	INSERT INTO sales_order_item (id, line_id, prod_id, quantity, ship_date) VALUES (2463, 1, 300, 36, '2020-06-23 00:00:00');
	INSERT INTO sales_order_item (id, line_id, prod_id, quantity, ship_date) VALUES (2463, 2, 301, 24, '2020-06-23 00:00:00');
	INSERT INTO sales_order_item (id, line_id, prod_id, quantity, ship_date) VALUES (2463, 3, 500, 24, '2020-06-28 00:00:00');
	INSERT INTO sales_order_item (id, line_id, prod_id, quantity, ship_date) VALUES (2463, 4, 501, 12, '2020-06-28 00:00:00');
	INSERT INTO sales_order_item (id, line_id, prod_id, quantity, ship_date) VALUES (2464, 1, 400, 12, '2020-06-24 00:00:00');
	INSERT INTO sales_order_item (id, line_id, prod_id, quantity, ship_date) VALUES (2464, 2, 600, 36, '2020-06-29 00:00:00');
	INSERT INTO sales_order_item (id, line_id, prod_id, quantity, ship_date) VALUES (2464, 3, 601, 48, '2020-06-29 00:00:00');
	INSERT INTO sales_order_item (id, line_id, prod_id, quantity, ship_date) VALUES (2465, 1, 400, 12, '2020-06-29 00:00:00');
	INSERT INTO sales_order_item (id, line_id, prod_id, quantity, ship_date) VALUES (2465, 2, 700, 24, '2020-06-29 00:00:00');
	INSERT INTO sales_order_item (id, line_id, prod_id, quantity, ship_date) VALUES (2466, 1, 500, 12, '2020-06-30 00:00:00');
	INSERT INTO sales_order_item (id, line_id, prod_id, quantity, ship_date) VALUES (2466, 2, 501, 24, '2020-06-29 00:00:00');
	INSERT INTO sales_order_item (id, line_id, prod_id, quantity, ship_date) VALUES (2467, 1, 600, 36, '2020-06-29 00:00:00');
	INSERT INTO sales_order_item (id, line_id, prod_id, quantity, ship_date) VALUES (2468, 1, 300, 24, '2020-07-01 00:00:00');
	INSERT INTO sales_order_item (id, line_id, prod_id, quantity, ship_date) VALUES (2468, 2, 700, 24, '2020-07-01 00:00:00');
	INSERT INTO sales_order_item (id, line_id, prod_id, quantity, ship_date) VALUES (2469, 1, 400, 12, '2020-06-20 00:00:00');
	INSERT INTO sales_order_item (id, line_id, prod_id, quantity, ship_date) VALUES (2470, 1, 500, 12, '2020-07-01 00:00:00');
	INSERT INTO sales_order_item (id, line_id, prod_id, quantity, ship_date) VALUES (2471, 1, 600, 24, '2020-07-01 00:00:00');
	INSERT INTO sales_order_item (id, line_id, prod_id, quantity, ship_date) VALUES (2472, 1, 700, 60, '2020-07-01 00:00:00');
	INSERT INTO sales_order_item (id, line_id, prod_id, quantity, ship_date) VALUES (2473, 1, 300, 12, '2020-07-06 00:00:00');
	INSERT INTO sales_order_item (id, line_id, prod_id, quantity, ship_date) VALUES (2473, 2, 301, 24, '2020-07-06 00:00:00');
	INSERT INTO sales_order_item (id, line_id, prod_id, quantity, ship_date) VALUES (2474, 1, 400, 36, '2020-07-05 00:00:00');
	INSERT INTO sales_order_item (id, line_id, prod_id, quantity, ship_date) VALUES (2474, 2, 401, 24, '2020-07-05 00:00:00');
	INSERT INTO sales_order_item (id, line_id, prod_id, quantity, ship_date) VALUES (2475, 1, 500, 36, '2020-07-07 00:00:00');
	INSERT INTO sales_order_item (id, line_id, prod_id, quantity, ship_date) VALUES (2475, 2, 501, 24, '2020-07-07 00:00:00');
	INSERT INTO sales_order_item (id, line_id, prod_id, quantity, ship_date) VALUES (2476, 1, 700, 60, '2020-07-08 00:00:00');
	INSERT INTO sales_order_item (id, line_id, prod_id, quantity, ship_date) VALUES (2477, 1, 300, 36, '2020-07-08 00:00:00');
	INSERT INTO sales_order_item (id, line_id, prod_id, quantity, ship_date) VALUES (2477, 2, 302, 24, '2020-07-08 00:00:00');
	INSERT INTO sales_order_item (id, line_id, prod_id, quantity, ship_date) VALUES (2478, 1, 400, 12, '2020-07-09 00:00:00');
	INSERT INTO sales_order_item (id, line_id, prod_id, quantity, ship_date) VALUES (2478, 2, 401, 24, '2020-07-09 00:00:00');
	INSERT INTO sales_order_item (id, line_id, prod_id, quantity, ship_date) VALUES (2479, 1, 500, 36, '2020-07-08 00:00:00');
	INSERT INTO sales_order_item (id, line_id, prod_id, quantity, ship_date) VALUES (2479, 2, 501, 24, '2020-07-08 00:00:00');
	INSERT INTO sales_order_item (id, line_id, prod_id, quantity, ship_date) VALUES (2480, 1, 600, 24, '2020-07-12 00:00:00');
	INSERT INTO sales_order_item (id, line_id, prod_id, quantity, ship_date) VALUES (2480, 2, 601, 12, '2020-07-12 00:00:00');
	INSERT INTO sales_order_item (id, line_id, prod_id, quantity, ship_date) VALUES (2481, 1, 302, 12, '2020-07-12 00:00:00');
	INSERT INTO sales_order_item (id, line_id, prod_id, quantity, ship_date) VALUES (2481, 2, 700, 72, '2020-07-12 00:00:00');
	INSERT INTO sales_order_item (id, line_id, prod_id, quantity, ship_date) VALUES (2482, 1, 300, 24, '2020-07-13 00:00:00');
	INSERT INTO sales_order_item (id, line_id, prod_id, quantity, ship_date) VALUES (2482, 2, 301, 24, '2020-07-13 00:00:00');
	INSERT INTO sales_order_item (id, line_id, prod_id, quantity, ship_date) VALUES (2483, 1, 700, 36, '2020-07-13 00:00:00');
	INSERT INTO sales_order_item (id, line_id, prod_id, quantity, ship_date) VALUES (2484, 1, 401, 24, '2020-07-15 00:00:00');
	INSERT INTO sales_order_item (id, line_id, prod_id, quantity, ship_date) VALUES (2485, 1, 500, 24, '2020-07-15 00:00:00');
	INSERT INTO sales_order_item (id, line_id, prod_id, quantity, ship_date) VALUES (2485, 2, 501, 12, '2020-07-15 00:00:00');
	INSERT INTO sales_order_item (id, line_id, prod_id, quantity, ship_date) VALUES (2486, 1, 600, 36, '2020-07-16 00:00:00');
	INSERT INTO sales_order_item (id, line_id, prod_id, quantity, ship_date) VALUES (2486, 2, 601, 24, '2020-07-16 00:00:00');
	INSERT INTO sales_order_item (id, line_id, prod_id, quantity, ship_date) VALUES (2487, 1, 700, 48, '2020-07-16 00:00:00');
	INSERT INTO sales_order_item (id, line_id, prod_id, quantity, ship_date) VALUES (2488, 1, 300, 12, '2020-07-19 00:00:00');
	INSERT INTO sales_order_item (id, line_id, prod_id, quantity, ship_date) VALUES (2488, 2, 301, 12, '2020-07-19 00:00:00');
	INSERT INTO sales_order_item (id, line_id, prod_id, quantity, ship_date) VALUES (2489, 1, 400, 24, '2020-07-19 00:00:00');
	INSERT INTO sales_order_item (id, line_id, prod_id, quantity, ship_date) VALUES (2489, 2, 601, 24, '2020-07-19 00:00:00');
	INSERT INTO sales_order_item (id, line_id, prod_id, quantity, ship_date) VALUES (2490, 1, 500, 36, '2020-07-20 00:00:00');
	INSERT INTO sales_order_item (id, line_id, prod_id, quantity, ship_date) VALUES (2490, 2, 501, 36, '2020-07-20 00:00:00');
	INSERT INTO sales_order_item (id, line_id, prod_id, quantity, ship_date) VALUES (2491, 1, 600, 24, '2020-07-20 00:00:00');
	INSERT INTO sales_order_item (id, line_id, prod_id, quantity, ship_date) VALUES (2491, 2, 601, 24, '2020-07-20 00:00:00');
	INSERT INTO sales_order_item (id, line_id, prod_id, quantity, ship_date) VALUES (2492, 1, 300, 12, '2020-07-21 00:00:00');
	INSERT INTO sales_order_item (id, line_id, prod_id, quantity, ship_date) VALUES (2492, 2, 301, 12, '2020-07-21 00:00:00');
	INSERT INTO sales_order_item (id, line_id, prod_id, quantity, ship_date) VALUES (2493, 1, 400, 24, '2020-07-22 00:00:00');
	INSERT INTO sales_order_item (id, line_id, prod_id, quantity, ship_date) VALUES (2493, 2, 401, 12, '2020-07-22 00:00:00');
	INSERT INTO sales_order_item (id, line_id, prod_id, quantity, ship_date) VALUES (2494, 1, 500, 36, '2020-07-22 00:00:00');
	INSERT INTO sales_order_item (id, line_id, prod_id, quantity, ship_date) VALUES (2495, 1, 600, 24, '2020-07-23 00:00:00');
	INSERT INTO sales_order_item (id, line_id, prod_id, quantity, ship_date) VALUES (2495, 2, 601, 12, '2020-07-23 00:00:00');
	INSERT INTO sales_order_item (id, line_id, prod_id, quantity, ship_date) VALUES (2496, 1, 500, 24, '2020-07-26 00:00:00');
	INSERT INTO sales_order_item (id, line_id, prod_id, quantity, ship_date) VALUES (2496, 2, 501, 12, '2020-07-26 00:00:00');
	INSERT INTO sales_order_item (id, line_id, prod_id, quantity, ship_date) VALUES (2497, 1, 700, 48, '2020-07-26 00:00:00');
	INSERT INTO sales_order_item (id, line_id, prod_id, quantity, ship_date) VALUES (2498, 1, 300, 12, '2020-07-27 00:00:00');
	INSERT INTO sales_order_item (id, line_id, prod_id, quantity, ship_date) VALUES (2498, 2, 301, 12, '2020-07-27 00:00:00');
	INSERT INTO sales_order_item (id, line_id, prod_id, quantity, ship_date) VALUES (2499, 1, 400, 24, '2020-07-27 00:00:00');
	INSERT INTO sales_order_item (id, line_id, prod_id, quantity, ship_date) VALUES (2499, 2, 401, 24, '2020-07-27 00:00:00');
	INSERT INTO sales_order_item (id, line_id, prod_id, quantity, ship_date) VALUES (2500, 1, 302, 36, '2020-07-28 00:00:00');
	INSERT INTO sales_order_item (id, line_id, prod_id, quantity, ship_date) VALUES (2500, 2, 700, 48, '2020-07-28 00:00:00');
	INSERT INTO sales_order_item (id, line_id, prod_id, quantity, ship_date) VALUES (2501, 1, 500, 12, '2020-07-27 00:00:00');
	INSERT INTO sales_order_item (id, line_id, prod_id, quantity, ship_date) VALUES (2501, 2, 501, 12, '2020-07-27 00:00:00');
	INSERT INTO sales_order_item (id, line_id, prod_id, quantity, ship_date) VALUES (2502, 1, 600, 24, '2020-07-29 00:00:00');
	INSERT INTO sales_order_item (id, line_id, prod_id, quantity, ship_date) VALUES (2502, 2, 601, 24, '2020-07-29 00:00:00');
	INSERT INTO sales_order_item (id, line_id, prod_id, quantity, ship_date) VALUES (2503, 1, 700, 12, '2020-07-28 00:00:00');
	INSERT INTO sales_order_item (id, line_id, prod_id, quantity, ship_date) VALUES (2504, 1, 300, 24, '2020-07-30 00:00:00');
	INSERT INTO sales_order_item (id, line_id, prod_id, quantity, ship_date) VALUES (2504, 2, 301, 24, '2020-07-30 00:00:00');
	INSERT INTO sales_order_item (id, line_id, prod_id, quantity, ship_date) VALUES (2505, 1, 700, 12, '2020-07-29 00:00:00');
	INSERT INTO sales_order_item (id, line_id, prod_id, quantity, ship_date) VALUES (2506, 1, 400, 36, '2020-07-30 00:00:00');
	INSERT INTO sales_order_item (id, line_id, prod_id, quantity, ship_date) VALUES (2506, 2, 401, 24, '2020-07-30 00:00:00');
	INSERT INTO sales_order_item (id, line_id, prod_id, quantity, ship_date) VALUES (2507, 1, 500, 12, '2020-08-02 00:00:00');
	INSERT INTO sales_order_item (id, line_id, prod_id, quantity, ship_date) VALUES (2507, 2, 501, 12, '2020-08-02 00:00:00');
	INSERT INTO sales_order_item (id, line_id, prod_id, quantity, ship_date) VALUES (2508, 1, 300, 36, '2020-08-03 00:00:00');
	INSERT INTO sales_order_item (id, line_id, prod_id, quantity, ship_date) VALUES (2508, 2, 302, 36, '2020-08-03 00:00:00');
	INSERT INTO sales_order_item (id, line_id, prod_id, quantity, ship_date) VALUES (2509, 1, 301, 24, '2020-08-04 00:00:00');
	INSERT INTO sales_order_item (id, line_id, prod_id, quantity, ship_date) VALUES (2509, 2, 400, 12, '2020-08-04 00:00:00');
	INSERT INTO sales_order_item (id, line_id, prod_id, quantity, ship_date) VALUES (2510, 1, 500, 36, '2020-08-05 00:00:00');
	INSERT INTO sales_order_item (id, line_id, prod_id, quantity, ship_date) VALUES (2510, 2, 501, 24, '2020-08-05 00:00:00');
	INSERT INTO sales_order_item (id, line_id, prod_id, quantity, ship_date) VALUES (2511, 1, 600, 12, '2020-08-06 00:00:00');
	INSERT INTO sales_order_item (id, line_id, prod_id, quantity, ship_date) VALUES (2511, 2, 601, 24, '2020-08-06 00:00:00');
	INSERT INTO sales_order_item (id, line_id, prod_id, quantity, ship_date) VALUES (2512, 1, 700, 60, '2020-08-06 00:00:00');
	INSERT INTO sales_order_item (id, line_id, prod_id, quantity, ship_date) VALUES (2513, 1, 300, 12, '2020-08-09 00:00:00');
	INSERT INTO sales_order_item (id, line_id, prod_id, quantity, ship_date) VALUES (2513, 2, 301, 12, '2020-08-09 00:00:00');
	INSERT INTO sales_order_item (id, line_id, prod_id, quantity, ship_date) VALUES (2513, 3, 302, 12, '2020-08-09 00:00:00');
	INSERT INTO sales_order_item (id, line_id, prod_id, quantity, ship_date) VALUES (2514, 1, 400, 24, '2020-08-10 00:00:00');
	INSERT INTO sales_order_item (id, line_id, prod_id, quantity, ship_date) VALUES (2514, 2, 401, 24, '2020-08-10 00:00:00');
	INSERT INTO sales_order_item (id, line_id, prod_id, quantity, ship_date) VALUES (2515, 1, 500, 36, '2020-08-10 00:00:00');
	INSERT INTO sales_order_item (id, line_id, prod_id, quantity, ship_date) VALUES (2515, 2, 501, 36, '2020-08-10 00:00:00');
	INSERT INTO sales_order_item (id, line_id, prod_id, quantity, ship_date) VALUES (2516, 1, 600, 12, '2020-08-11 00:00:00');
	INSERT INTO sales_order_item (id, line_id, prod_id, quantity, ship_date) VALUES (2516, 2, 601, 12, '2020-08-11 00:00:00');
	INSERT INTO sales_order_item (id, line_id, prod_id, quantity, ship_date) VALUES (2517, 1, 700, 48, '2020-08-11 00:00:00');
	INSERT INTO sales_order_item (id, line_id, prod_id, quantity, ship_date) VALUES (2518, 1, 300, 24, '2020-08-11 00:00:00');
	INSERT INTO sales_order_item (id, line_id, prod_id, quantity, ship_date) VALUES (2518, 2, 301, 24, '2020-08-11 00:00:00');
	INSERT INTO sales_order_item (id, line_id, prod_id, quantity, ship_date) VALUES (2519, 1, 400, 36, '2020-08-12 00:00:00');
	INSERT INTO sales_order_item (id, line_id, prod_id, quantity, ship_date) VALUES (2520, 1, 500, 12, '2020-08-13 00:00:00');
	INSERT INTO sales_order_item (id, line_id, prod_id, quantity, ship_date) VALUES (2520, 2, 501, 24, '2020-08-13 00:00:00');
	INSERT INTO sales_order_item (id, line_id, prod_id, quantity, ship_date) VALUES (2521, 1, 600, 36, '2020-08-13 00:00:00');
	INSERT INTO sales_order_item (id, line_id, prod_id, quantity, ship_date) VALUES (2521, 2, 601, 36, '2020-08-13 00:00:00');
	INSERT INTO sales_order_item (id, line_id, prod_id, quantity, ship_date) VALUES (2522, 1, 700, 60, '2020-08-13 00:00:00');
	INSERT INTO sales_order_item (id, line_id, prod_id, quantity, ship_date) VALUES (2523, 1, 700, 12, '2020-08-17 00:00:00');
	INSERT INTO sales_order_item (id, line_id, prod_id, quantity, ship_date) VALUES (2524, 1, 300, 24, '2020-08-18 00:00:00');
	INSERT INTO sales_order_item (id, line_id, prod_id, quantity, ship_date) VALUES (2524, 2, 302, 24, '2020-08-18 00:00:00');
	INSERT INTO sales_order_item (id, line_id, prod_id, quantity, ship_date) VALUES (2525, 1, 400, 24, '2020-08-19 00:00:00');
	INSERT INTO sales_order_item (id, line_id, prod_id, quantity, ship_date) VALUES (2525, 2, 401, 25, '2020-08-19 00:00:00');
	INSERT INTO sales_order_item (id, line_id, prod_id, quantity, ship_date) VALUES (2526, 1, 302, 12, '2020-08-20 00:00:00');
	INSERT INTO sales_order_item (id, line_id, prod_id, quantity, ship_date) VALUES (2526, 2, 700, 12, '2020-08-20 00:00:00');
	INSERT INTO sales_order_item (id, line_id, prod_id, quantity, ship_date) VALUES (2527, 1, 400, 36, '2020-08-20 00:00:00');
	INSERT INTO sales_order_item (id, line_id, prod_id, quantity, ship_date) VALUES (2528, 1, 500, 48, '2020-08-23 00:00:00');
	INSERT INTO sales_order_item (id, line_id, prod_id, quantity, ship_date) VALUES (2528, 2, 700, 36, '2020-08-23 00:00:00');
	INSERT INTO sales_order_item (id, line_id, prod_id, quantity, ship_date) VALUES (2529, 1, 300, 12, '2020-08-24 00:00:00');
	INSERT INTO sales_order_item (id, line_id, prod_id, quantity, ship_date) VALUES (2529, 2, 301, 12, '2020-08-24 00:00:00');
	INSERT INTO sales_order_item (id, line_id, prod_id, quantity, ship_date) VALUES (2530, 1, 400, 24, '2020-08-24 00:00:00');
	INSERT INTO sales_order_item (id, line_id, prod_id, quantity, ship_date) VALUES (2531, 1, 500, 36, '2020-08-25 00:00:00');
	INSERT INTO sales_order_item (id, line_id, prod_id, quantity, ship_date) VALUES (2531, 2, 501, 36, '2020-08-25 00:00:00');
	INSERT INTO sales_order_item (id, line_id, prod_id, quantity, ship_date) VALUES (2532, 1, 600, 12, '2020-08-24 00:00:00');
	INSERT INTO sales_order_item (id, line_id, prod_id, quantity, ship_date) VALUES (2533, 1, 400, 24, '2020-08-26 00:00:00');
	INSERT INTO sales_order_item (id, line_id, prod_id, quantity, ship_date) VALUES (2533, 2, 401, 24, '2020-08-26 00:00:00');
	INSERT INTO sales_order_item (id, line_id, prod_id, quantity, ship_date) VALUES (2534, 1, 301, 12, '2020-08-26 00:00:00');
	INSERT INTO sales_order_item (id, line_id, prod_id, quantity, ship_date) VALUES (2535, 1, 300, 24, '2020-08-27 00:00:00');
	INSERT INTO sales_order_item (id, line_id, prod_id, quantity, ship_date) VALUES (2535, 2, 301, 24, '2020-08-27 00:00:00');
	INSERT INTO sales_order_item (id, line_id, prod_id, quantity, ship_date) VALUES (2535, 3, 302, 24, '2020-08-27 00:00:00');
	INSERT INTO sales_order_item (id, line_id, prod_id, quantity, ship_date) VALUES (2536, 1, 700, 48, '2020-08-27 00:00:00');
	INSERT INTO sales_order_item (id, line_id, prod_id, quantity, ship_date) VALUES (2537, 1, 600, 24, '2020-08-30 00:00:00');
	INSERT INTO sales_order_item (id, line_id, prod_id, quantity, ship_date) VALUES (2537, 2, 601, 12, '2020-08-30 00:00:00');
	INSERT INTO sales_order_item (id, line_id, prod_id, quantity, ship_date) VALUES (2538, 1, 300, 12, '2020-08-31 00:00:00');
	INSERT INTO sales_order_item (id, line_id, prod_id, quantity, ship_date) VALUES (2538, 2, 301, 24, '2020-08-31 00:00:00');
	INSERT INTO sales_order_item (id, line_id, prod_id, quantity, ship_date) VALUES (2539, 1, 400, 36, '2020-08-31 00:00:00');
	INSERT INTO sales_order_item (id, line_id, prod_id, quantity, ship_date) VALUES (2539, 2, 401, 36, '2020-08-31 00:00:00');
	INSERT INTO sales_order_item (id, line_id, prod_id, quantity, ship_date) VALUES (2540, 1, 500, 12, '2020-09-01 00:00:00');
	INSERT INTO sales_order_item (id, line_id, prod_id, quantity, ship_date) VALUES (2540, 2, 501, 12, '2020-09-01 00:00:00');
	INSERT INTO sales_order_item (id, line_id, prod_id, quantity, ship_date) VALUES (2541, 1, 700, 24, '2020-08-31 00:00:00');
	INSERT INTO sales_order_item (id, line_id, prod_id, quantity, ship_date) VALUES (2542, 1, 400, 48, '2020-09-02 00:00:00');
	INSERT INTO sales_order_item (id, line_id, prod_id, quantity, ship_date) VALUES (2542, 2, 401, 48, '2020-09-02 00:00:00');
	INSERT INTO sales_order_item (id, line_id, prod_id, quantity, ship_date) VALUES (2543, 1, 500, 12, '2020-09-02 00:00:00');
	INSERT INTO sales_order_item (id, line_id, prod_id, quantity, ship_date) VALUES (2544, 1, 300, 12, '2020-09-03 00:00:00');
	INSERT INTO sales_order_item (id, line_id, prod_id, quantity, ship_date) VALUES (2544, 2, 301, 12, '2020-09-03 00:00:00');
	INSERT INTO sales_order_item (id, line_id, prod_id, quantity, ship_date) VALUES (2545, 1, 302, 24, '2020-09-03 00:00:00');
	INSERT INTO sales_order_item (id, line_id, prod_id, quantity, ship_date) VALUES (2546, 1, 400, 36, '2020-09-06 00:00:00');
	INSERT INTO sales_order_item (id, line_id, prod_id, quantity, ship_date) VALUES (2546, 2, 401, 36, '2020-09-06 00:00:00');
	INSERT INTO sales_order_item (id, line_id, prod_id, quantity, ship_date) VALUES (2547, 1, 500, 24, '2020-09-06 00:00:00');
	INSERT INTO sales_order_item (id, line_id, prod_id, quantity, ship_date) VALUES (2547, 2, 501, 12, '2020-09-06 00:00:00');
	INSERT INTO sales_order_item (id, line_id, prod_id, quantity, ship_date) VALUES (2548, 1, 600, 24, '2020-09-06 00:00:00');
	INSERT INTO sales_order_item (id, line_id, prod_id, quantity, ship_date) VALUES (2549, 1, 300, 12, '2020-09-07 00:00:00');
	INSERT INTO sales_order_item (id, line_id, prod_id, quantity, ship_date) VALUES (2549, 2, 301, 12, '2020-09-07 00:00:00');
	INSERT INTO sales_order_item (id, line_id, prod_id, quantity, ship_date) VALUES (2550, 1, 302, 24, '2020-09-07 00:00:00');
	INSERT INTO sales_order_item (id, line_id, prod_id, quantity, ship_date) VALUES (2551, 1, 700, 12, '2020-09-08 00:00:00');
	INSERT INTO sales_order_item (id, line_id, prod_id, quantity, ship_date) VALUES (2552, 1, 300, 36, '2020-09-09 00:00:00');
	INSERT INTO sales_order_item (id, line_id, prod_id, quantity, ship_date) VALUES (2552, 2, 301, 36, '2020-09-09 00:00:00');
	INSERT INTO sales_order_item (id, line_id, prod_id, quantity, ship_date) VALUES (2553, 1, 302, 24, '2020-09-09 00:00:00');
	INSERT INTO sales_order_item (id, line_id, prod_id, quantity, ship_date) VALUES (2554, 1, 400, 12, '2020-09-10 00:00:00');
	INSERT INTO sales_order_item (id, line_id, prod_id, quantity, ship_date) VALUES (2554, 2, 401, 12, '2020-09-10 00:00:00');
	INSERT INTO sales_order_item (id, line_id, prod_id, quantity, ship_date) VALUES (2555, 1, 500, 36, '2020-09-10 00:00:00');
	INSERT INTO sales_order_item (id, line_id, prod_id, quantity, ship_date) VALUES (2556, 1, 600, 24, '2020-09-10 00:00:00');
	INSERT INTO sales_order_item (id, line_id, prod_id, quantity, ship_date) VALUES (2556, 2, 601, 24, '2020-09-10 00:00:00');
	INSERT INTO sales_order_item (id, line_id, prod_id, quantity, ship_date) VALUES (2557, 1, 300, 12, '2020-09-13 00:00:00');
	INSERT INTO sales_order_item (id, line_id, prod_id, quantity, ship_date) VALUES (2557, 2, 301, 12, '2020-09-13 00:00:00');
	INSERT INTO sales_order_item (id, line_id, prod_id, quantity, ship_date) VALUES (2558, 1, 400, 24, '2020-09-13 00:00:00');
	INSERT INTO sales_order_item (id, line_id, prod_id, quantity, ship_date) VALUES (2559, 1, 700, 60, '2020-09-14 00:00:00');
	INSERT INTO sales_order_item (id, line_id, prod_id, quantity, ship_date) VALUES (2560, 1, 300, 24, '2020-09-15 00:00:00');
	INSERT INTO sales_order_item (id, line_id, prod_id, quantity, ship_date) VALUES (2560, 2, 301, 24, '2020-09-15 00:00:00');
	INSERT INTO sales_order_item (id, line_id, prod_id, quantity, ship_date) VALUES (2561, 1, 400, 12, '2020-09-15 00:00:00');
	INSERT INTO sales_order_item (id, line_id, prod_id, quantity, ship_date) VALUES (2561, 2, 401, 12, '2020-09-15 00:00:00');
	INSERT INTO sales_order_item (id, line_id, prod_id, quantity, ship_date) VALUES (2562, 1, 302, 48, '2020-09-16 00:00:00');
	INSERT INTO sales_order_item (id, line_id, prod_id, quantity, ship_date) VALUES (2562, 2, 400, 36, '2020-09-16 00:00:00');
	INSERT INTO sales_order_item (id, line_id, prod_id, quantity, ship_date) VALUES (2563, 1, 302, 12, '2020-09-16 00:00:00');
	INSERT INTO sales_order_item (id, line_id, prod_id, quantity, ship_date) VALUES (2563, 2, 700, 24, '2020-09-16 00:00:00');
	INSERT INTO sales_order_item (id, line_id, prod_id, quantity, ship_date) VALUES (2564, 1, 301, 12, '2020-09-20 00:00:00');
	INSERT INTO sales_order_item (id, line_id, prod_id, quantity, ship_date) VALUES (2564, 2, 302, 12, '2020-09-20 00:00:00');
	INSERT INTO sales_order_item (id, line_id, prod_id, quantity, ship_date) VALUES (2565, 1, 400, 36, '2020-09-20 00:00:00');
	INSERT INTO sales_order_item (id, line_id, prod_id, quantity, ship_date) VALUES (2566, 1, 500, 24, '2020-09-21 00:00:00');
	INSERT INTO sales_order_item (id, line_id, prod_id, quantity, ship_date) VALUES (2566, 2, 501, 24, '2020-09-21 00:00:00');
	INSERT INTO sales_order_item (id, line_id, prod_id, quantity, ship_date) VALUES (2567, 1, 401, 48, '2020-09-20 00:00:00');
	INSERT INTO sales_order_item (id, line_id, prod_id, quantity, ship_date) VALUES (2568, 1, 600, 36, '2020-09-22 00:00:00');
	INSERT INTO sales_order_item (id, line_id, prod_id, quantity, ship_date) VALUES (2568, 2, 601, 36, '2020-09-22 00:00:00');
	INSERT INTO sales_order_item (id, line_id, prod_id, quantity, ship_date) VALUES (2569, 1, 300, 12, '2020-09-22 00:00:00');
	INSERT INTO sales_order_item (id, line_id, prod_id, quantity, ship_date) VALUES (2569, 2, 700, 24, '2020-09-22 00:00:00');
	INSERT INTO sales_order_item (id, line_id, prod_id, quantity, ship_date) VALUES (2570, 1, 400, 36, '2020-09-23 00:00:00');
	INSERT INTO sales_order_item (id, line_id, prod_id, quantity, ship_date) VALUES (2570, 2, 401, 24, '2020-09-23 00:00:00');
	INSERT INTO sales_order_item (id, line_id, prod_id, quantity, ship_date) VALUES (2571, 1, 302, 12, '2020-09-23 00:00:00');
	INSERT INTO sales_order_item (id, line_id, prod_id, quantity, ship_date) VALUES (2571, 2, 700, 12, '2020-09-23 00:00:00');
	INSERT INTO sales_order_item (id, line_id, prod_id, quantity, ship_date) VALUES (2572, 1, 600, 72, '2020-09-23 00:00:00');
	INSERT INTO sales_order_item (id, line_id, prod_id, quantity, ship_date) VALUES (2573, 1, 300, 24, '2020-09-24 00:00:00');
	INSERT INTO sales_order_item (id, line_id, prod_id, quantity, ship_date) VALUES (2573, 2, 302, 24, '2020-09-24 00:00:00');
	INSERT INTO sales_order_item (id, line_id, prod_id, quantity, ship_date) VALUES (2574, 1, 301, 48, '2020-09-23 00:00:00');
	INSERT INTO sales_order_item (id, line_id, prod_id, quantity, ship_date) VALUES (2575, 1, 400, 24, '2020-09-27 00:00:00');
	INSERT INTO sales_order_item (id, line_id, prod_id, quantity, ship_date) VALUES (2575, 2, 401, 12, '2020-09-27 00:00:00');
	INSERT INTO sales_order_item (id, line_id, prod_id, quantity, ship_date) VALUES (2576, 1, 500, 36, '2020-09-27 00:00:00');
	INSERT INTO sales_order_item (id, line_id, prod_id, quantity, ship_date) VALUES (2576, 2, 501, 24, '2020-09-27 00:00:00');
	INSERT INTO sales_order_item (id, line_id, prod_id, quantity, ship_date) VALUES (2577, 1, 300, 12, '2020-09-28 00:00:00');
	INSERT INTO sales_order_item (id, line_id, prod_id, quantity, ship_date) VALUES (2577, 2, 301, 12, '2020-09-28 00:00:00');
	INSERT INTO sales_order_item (id, line_id, prod_id, quantity, ship_date) VALUES (2577, 3, 302, 12, '2020-09-28 00:00:00');
	INSERT INTO sales_order_item (id, line_id, prod_id, quantity, ship_date) VALUES (2578, 1, 700, 36, '2020-09-18 00:00:00');
	INSERT INTO sales_order_item (id, line_id, prod_id, quantity, ship_date) VALUES (2579, 1, 500, 60, '2020-10-01 00:00:00');
	INSERT INTO sales_order_item (id, line_id, prod_id, quantity, ship_date) VALUES (2580, 1, 700, 12, '2020-09-28 00:00:00');
	INSERT INTO sales_order_item (id, line_id, prod_id, quantity, ship_date) VALUES (2581, 1, 400, 24, '2020-09-30 00:00:00');
	INSERT INTO sales_order_item (id, line_id, prod_id, quantity, ship_date) VALUES (2582, 1, 400, 12, '2020-10-01 00:00:00');
	INSERT INTO sales_order_item (id, line_id, prod_id, quantity, ship_date) VALUES (2583, 1, 600, 24, '2020-10-05 00:00:00');
	INSERT INTO sales_order_item (id, line_id, prod_id, quantity, ship_date) VALUES (2583, 2, 601, 24, '2020-10-05 00:00:00');
	INSERT INTO sales_order_item (id, line_id, prod_id, quantity, ship_date) VALUES (2584, 1, 600, 36, '2020-10-06 00:00:00');
	INSERT INTO sales_order_item (id, line_id, prod_id, quantity, ship_date) VALUES (2584, 2, 601, 24, '2020-10-06 00:00:00');
	INSERT INTO sales_order_item (id, line_id, prod_id, quantity, ship_date) VALUES (2585, 1, 300, 12, '2020-10-08 00:00:00');
	INSERT INTO sales_order_item (id, line_id, prod_id, quantity, ship_date) VALUES (2585, 2, 301, 12, '2020-10-08 00:00:00');
	INSERT INTO sales_order_item (id, line_id, prod_id, quantity, ship_date) VALUES (2586, 1, 400, 24, '2020-10-11 00:00:00');
	INSERT INTO sales_order_item (id, line_id, prod_id, quantity, ship_date) VALUES (2586, 2, 401, 12, '2020-10-11 00:00:00');
	INSERT INTO sales_order_item (id, line_id, prod_id, quantity, ship_date) VALUES (2587, 1, 300, 36, '2020-10-12 00:00:00');
	INSERT INTO sales_order_item (id, line_id, prod_id, quantity, ship_date) VALUES (2587, 2, 301, 36, '2020-10-12 00:00:00');
	INSERT INTO sales_order_item (id, line_id, prod_id, quantity, ship_date) VALUES (2588, 1, 400, 24, '2020-10-13 00:00:00');
	INSERT INTO sales_order_item (id, line_id, prod_id, quantity, ship_date) VALUES (2588, 2, 401, 24, '2020-10-13 00:00:00');
	INSERT INTO sales_order_item (id, line_id, prod_id, quantity, ship_date) VALUES (2589, 1, 500, 12, '2020-10-13 00:00:00');
	INSERT INTO sales_order_item (id, line_id, prod_id, quantity, ship_date) VALUES (2589, 2, 501, 12, '2020-10-13 00:00:00');
	INSERT INTO sales_order_item (id, line_id, prod_id, quantity, ship_date) VALUES (2590, 1, 700, 36, '2020-10-14 00:00:00');
	INSERT INTO sales_order_item (id, line_id, prod_id, quantity, ship_date) VALUES (2591, 1, 300, 24, '2020-10-14 00:00:00');
	INSERT INTO sales_order_item (id, line_id, prod_id, quantity, ship_date) VALUES (2591, 2, 301, 24, '2020-10-14 00:00:00');
	INSERT INTO sales_order_item (id, line_id, prod_id, quantity, ship_date) VALUES (2592, 1, 302, 12, '2020-10-13 00:00:00');
	INSERT INTO sales_order_item (id, line_id, prod_id, quantity, ship_date) VALUES (2593, 1, 400, 12, '2020-10-18 00:00:00');
	INSERT INTO sales_order_item (id, line_id, prod_id, quantity, ship_date) VALUES (2593, 2, 401, 24, '2020-10-18 00:00:00');
	INSERT INTO sales_order_item (id, line_id, prod_id, quantity, ship_date) VALUES (2594, 1, 600, 12, '2020-10-18 00:00:00');
	INSERT INTO sales_order_item (id, line_id, prod_id, quantity, ship_date) VALUES (2594, 2, 601, 12, '2020-10-18 00:00:00');
	INSERT INTO sales_order_item (id, line_id, prod_id, quantity, ship_date) VALUES (2595, 1, 700, 48, '2020-10-18 00:00:00');
	INSERT INTO sales_order_item (id, line_id, prod_id, quantity, ship_date) VALUES (2596, 1, 500, 24, '2020-10-19 00:00:00');
	INSERT INTO sales_order_item (id, line_id, prod_id, quantity, ship_date) VALUES (2596, 2, 501, 24, '2020-10-19 00:00:00');
	INSERT INTO sales_order_item (id, line_id, prod_id, quantity, ship_date) VALUES (2597, 1, 300, 12, '2020-10-19 00:00:00');
	INSERT INTO sales_order_item (id, line_id, prod_id, quantity, ship_date) VALUES (2597, 2, 301, 12, '2020-10-19 00:00:00');
	INSERT INTO sales_order_item (id, line_id, prod_id, quantity, ship_date) VALUES (2598, 1, 400, 24, '2020-10-20 00:00:00');
	INSERT INTO sales_order_item (id, line_id, prod_id, quantity, ship_date) VALUES (2598, 2, 401, 36, '2020-10-20 00:00:00');
	INSERT INTO sales_order_item (id, line_id, prod_id, quantity, ship_date) VALUES (2599, 1, 302, 72, '2020-10-19 00:00:00');
	INSERT INTO sales_order_item (id, line_id, prod_id, quantity, ship_date) VALUES (2600, 1, 601, 24, '2020-10-20 00:00:00');
	INSERT INTO sales_order_item (id, line_id, prod_id, quantity, ship_date) VALUES (2601, 1, 400, 36, '2020-10-21 00:00:00');
	INSERT INTO sales_order_item (id, line_id, prod_id, quantity, ship_date) VALUES (2601, 2, 401, 36, '2020-10-21 00:00:00');
	INSERT INTO sales_order_item (id, line_id, prod_id, quantity, ship_date) VALUES (2602, 1, 500, 12, '2020-10-21 00:00:00');
	INSERT INTO sales_order_item (id, line_id, prod_id, quantity, ship_date) VALUES (2602, 2, 601, 24, '2020-10-21 00:00:00');
	INSERT INTO sales_order_item (id, line_id, prod_id, quantity, ship_date) VALUES (2603, 1, 301, 12, '2020-10-22 00:00:00');
	INSERT INTO sales_order_item (id, line_id, prod_id, quantity, ship_date) VALUES (2603, 2, 700, 36, '2020-10-22 00:00:00');
	INSERT INTO sales_order_item (id, line_id, prod_id, quantity, ship_date) VALUES (2604, 1, 400, 24, '2020-10-25 00:00:00');
	INSERT INTO sales_order_item (id, line_id, prod_id, quantity, ship_date) VALUES (2604, 2, 401, 24, '2020-10-25 00:00:00');
	INSERT INTO sales_order_item (id, line_id, prod_id, quantity, ship_date) VALUES (2605, 1, 700, 36, '2020-10-22 00:00:00');
	INSERT INTO sales_order_item (id, line_id, prod_id, quantity, ship_date) VALUES (2606, 1, 500, 12, '2020-10-26 00:00:00');
	INSERT INTO sales_order_item (id, line_id, prod_id, quantity, ship_date) VALUES (2606, 2, 501, 24, '2020-10-26 00:00:00');
	INSERT INTO sales_order_item (id, line_id, prod_id, quantity, ship_date) VALUES (2607, 1, 302, 48, '2020-10-26 00:00:00');
	INSERT INTO sales_order_item (id, line_id, prod_id, quantity, ship_date) VALUES (2608, 1, 601, 12, '2020-10-25 00:00:00');
	INSERT INTO sales_order_item (id, line_id, prod_id, quantity, ship_date) VALUES (2609, 1, 600, 36, '2020-10-27 00:00:00');
	INSERT INTO sales_order_item (id, line_id, prod_id, quantity, ship_date) VALUES (2609, 2, 601, 24, '2020-10-27 00:00:00');
	INSERT INTO sales_order_item (id, line_id, prod_id, quantity, ship_date) VALUES (2610, 1, 300, 12, '2020-10-27 00:00:00');
	INSERT INTO sales_order_item (id, line_id, prod_id, quantity, ship_date) VALUES (2610, 2, 301, 12, '2020-10-27 00:00:00');
	INSERT INTO sales_order_item (id, line_id, prod_id, quantity, ship_date) VALUES (2611, 1, 302, 24, '2020-10-28 00:00:00');
	INSERT INTO sales_order_item (id, line_id, prod_id, quantity, ship_date) VALUES (2611, 2, 700, 48, '2020-10-28 00:00:00');
	INSERT INTO sales_order_item (id, line_id, prod_id, quantity, ship_date) VALUES (2612, 1, 400, 24, '2020-10-28 00:00:00');
	INSERT INTO sales_order_item (id, line_id, prod_id, quantity, ship_date) VALUES (2613, 1, 500, 36, '2020-10-29 00:00:00');
	INSERT INTO sales_order_item (id, line_id, prod_id, quantity, ship_date) VALUES (2613, 2, 501, 36, '2020-10-29 00:00:00');
	INSERT INTO sales_order_item (id, line_id, prod_id, quantity, ship_date) VALUES (2614, 1, 600, 24, '2020-10-28 00:00:00');
	INSERT INTO sales_order_item (id, line_id, prod_id, quantity, ship_date) VALUES (2615, 1, 700, 60, '2020-10-29 00:00:00');
	INSERT INTO sales_order_item (id, line_id, prod_id, quantity, ship_date) VALUES (2616, 1, 301, 12, '2020-11-01 00:00:00');
	INSERT INTO sales_order_item (id, line_id, prod_id, quantity, ship_date) VALUES (2616, 2, 501, 24, '2020-11-01 00:00:00');
	INSERT INTO sales_order_item (id, line_id, prod_id, quantity, ship_date) VALUES (2617, 1, 400, 24, '2020-11-03 00:00:00');
	INSERT INTO sales_order_item (id, line_id, prod_id, quantity, ship_date) VALUES (2617, 2, 401, 12, '2020-11-03 00:00:00');
	INSERT INTO sales_order_item (id, line_id, prod_id, quantity, ship_date) VALUES (2618, 1, 600, 12, '2020-11-03 00:00:00');
	INSERT INTO sales_order_item (id, line_id, prod_id, quantity, ship_date) VALUES (2618, 2, 601, 24, '2020-11-03 00:00:00');
	INSERT INTO sales_order_item (id, line_id, prod_id, quantity, ship_date) VALUES (2619, 1, 300, 12, '2020-11-04 00:00:00');
	INSERT INTO sales_order_item (id, line_id, prod_id, quantity, ship_date) VALUES (2619, 2, 700, 36, '2020-11-04 00:00:00');
	INSERT INTO sales_order_item (id, line_id, prod_id, quantity, ship_date) VALUES (2620, 1, 301, 24, '2020-11-04 00:00:00');
	INSERT INTO sales_order_item (id, line_id, prod_id, quantity, ship_date) VALUES (2620, 2, 302, 24, '2020-11-04 00:00:00');
	INSERT INTO sales_order_item (id, line_id, prod_id, quantity, ship_date) VALUES (2621, 1, 400, 12, '2020-11-05 00:00:00');
	INSERT INTO sales_order_item (id, line_id, prod_id, quantity, ship_date) VALUES (2621, 2, 401, 12, '2020-11-05 00:00:00');
	INSERT INTO sales_order_item (id, line_id, prod_id, quantity, ship_date) VALUES (2622, 1, 302, 24, '2020-11-05 00:00:00');
	INSERT INTO sales_order_item (id, line_id, prod_id, quantity, ship_date) VALUES (2623, 1, 600, 12, '2020-11-08 00:00:00');
	INSERT INTO sales_order_item (id, line_id, prod_id, quantity, ship_date) VALUES (2623, 2, 700, 12, '2020-11-08 00:00:00');
	INSERT INTO sales_order_item (id, line_id, prod_id, quantity, ship_date) VALUES (2624, 1, 601, 24, '2020-11-08 00:00:00');
	INSERT INTO sales_order_item (id, line_id, prod_id, quantity, ship_date) VALUES (2625, 1, 302, 12, '2020-11-09 00:00:00');
	INSERT INTO sales_order_item (id, line_id, prod_id, quantity, ship_date) VALUES (2625, 2, 501, 24, '2020-11-09 00:00:00');
	INSERT INTO sales_order_item (id, line_id, prod_id, quantity, ship_date) VALUES (2625, 3, 700, 24, '2020-11-09 00:00:00');
	INSERT INTO sales_order_item (id, line_id, prod_id, quantity, ship_date) VALUES (2626, 1, 400, 12, '2020-11-09 00:00:00');
	INSERT INTO sales_order_item (id, line_id, prod_id, quantity, ship_date) VALUES (2626, 2, 500, 12, '2020-11-09 00:00:00');
	INSERT INTO sales_order_item (id, line_id, prod_id, quantity, ship_date) VALUES (2627, 1, 300, 24, '2020-11-10 00:00:00');
	INSERT INTO sales_order_item (id, line_id, prod_id, quantity, ship_date) VALUES (2627, 2, 301, 24, '2020-11-10 00:00:00');
	INSERT INTO sales_order_item (id, line_id, prod_id, quantity, ship_date) VALUES (2627, 3, 302, 12, '2020-11-10 00:00:00');
	INSERT INTO sales_order_item (id, line_id, prod_id, quantity, ship_date) VALUES (2628, 1, 400, 36, '2020-11-10 00:00:00');
	INSERT INTO sales_order_item (id, line_id, prod_id, quantity, ship_date) VALUES (2629, 1, 600, 12, '2020-11-11 00:00:00');
	INSERT INTO sales_order_item (id, line_id, prod_id, quantity, ship_date) VALUES (2629, 2, 601, 24, '2020-11-11 00:00:00');
	INSERT INTO sales_order_item (id, line_id, prod_id, quantity, ship_date) VALUES (2630, 1, 302, 36, '2020-11-11 00:00:00');
	INSERT INTO sales_order_item (id, line_id, prod_id, quantity, ship_date) VALUES (2631, 1, 400, 12, '2020-11-12 00:00:00');
	INSERT INTO sales_order_item (id, line_id, prod_id, quantity, ship_date) VALUES (2631, 2, 401, 12, '2020-11-12 00:00:00');
	INSERT INTO sales_order_item (id, line_id, prod_id, quantity, ship_date) VALUES (2632, 1, 600, 24, '2020-11-12 00:00:00');
	INSERT INTO sales_order_item (id, line_id, prod_id, quantity, ship_date) VALUES (2632, 2, 601, 24, '2020-11-12 00:00:00');
	INSERT INTO sales_order_item (id, line_id, prod_id, quantity, ship_date) VALUES (2633, 1, 300, 12, '2020-11-15 00:00:00');
	INSERT INTO sales_order_item (id, line_id, prod_id, quantity, ship_date) VALUES (2633, 2, 301, 12, '2020-11-15 00:00:00');
	INSERT INTO sales_order_item (id, line_id, prod_id, quantity, ship_date) VALUES (2634, 1, 400, 24, '2020-11-15 00:00:00');
	INSERT INTO sales_order_item (id, line_id, prod_id, quantity, ship_date) VALUES (2635, 1, 700, 72, '2020-11-16 00:00:00');
	INSERT INTO sales_order_item (id, line_id, prod_id, quantity, ship_date) VALUES (2636, 1, 600, 24, '2020-11-17 00:00:00');
	INSERT INTO sales_order_item (id, line_id, prod_id, quantity, ship_date) VALUES (2636, 2, 601, 24, '2020-11-17 00:00:00');
	INSERT INTO sales_order_item (id, line_id, prod_id, quantity, ship_date) VALUES (2637, 1, 501, 48, '2020-11-16 00:00:00');
	INSERT INTO sales_order_item (id, line_id, prod_id, quantity, ship_date) VALUES (2638, 1, 300, 24, '2020-11-18 00:00:00');
	INSERT INTO sales_order_item (id, line_id, prod_id, quantity, ship_date) VALUES (2639, 1, 401, 36, '2020-11-17 00:00:00');
	INSERT INTO sales_order_item (id, line_id, prod_id, quantity, ship_date) VALUES (2640, 1, 600, 24, '2020-11-19 00:00:00');
	INSERT INTO sales_order_item (id, line_id, prod_id, quantity, ship_date) VALUES (2641, 1, 501, 36, '2020-11-18 00:00:00');
	INSERT INTO sales_order_item (id, line_id, prod_id, quantity, ship_date) VALUES (2641, 2, 700, 24, '2020-11-18 00:00:00');
	INSERT INTO sales_order_item (id, line_id, prod_id, quantity, ship_date) VALUES (2642, 1, 300, 12, '2020-11-22 00:00:00');
	INSERT INTO sales_order_item (id, line_id, prod_id, quantity, ship_date) VALUES (2643, 1, 301, 24, '2020-11-22 00:00:00');
	INSERT INTO sales_order_item (id, line_id, prod_id, quantity, ship_date) VALUES (2644, 1, 600, 36, '2020-11-23 00:00:00');
	INSERT INTO sales_order_item (id, line_id, prod_id, quantity, ship_date) VALUES (2645, 1, 601, 12, '2020-11-23 00:00:00');
	INSERT INTO sales_order_item (id, line_id, prod_id, quantity, ship_date) VALUES (2646, 1, 302, 24, '2020-11-25 00:00:00');
	INSERT INTO sales_order_item (id, line_id, prod_id, quantity, ship_date) VALUES (2647, 1, 401, 36, '2020-11-24 00:00:00');
	INSERT INTO sales_order_item (id, line_id, prod_id, quantity, ship_date) VALUES (2648, 1, 600, 12, '2020-11-26 00:00:00');
	INSERT INTO sales_order_item (id, line_id, prod_id, quantity, ship_date) VALUES (2649, 1, 700, 36, '2020-11-26 00:00:00');
	INSERT INTO sales_order_item (id, line_id, prod_id, quantity, ship_date) VALUES (2650, 1, 600, 24, '2020-11-29 00:00:00');
	INSERT INTO sales_order_item (id, line_id, prod_id, quantity, ship_date) VALUES (2650, 2, 601, 36, '2020-11-29 00:00:00');
	INSERT INTO sales_order_item (id, line_id, prod_id, quantity, ship_date) VALUES (2651, 1, 700, 48, '2020-11-29 00:00:00');
	INSERT INTO sales_order_item (id, line_id, prod_id, quantity, ship_date) VALUES (2652, 1, 400, 36, '2020-11-26 00:00:00');
	INSERT INTO sales_order_item (id, line_id, prod_id, quantity, ship_date) VALUES (2652, 2, 300, 10, '2021-01-01 00:00:00');
	INSERT INTO sales_order_item (id, line_id, prod_id, quantity, ship_date) VALUES (2653, 1, 301, 0, '2021-10-17 00:00:00');
	INSERT INTO sales_order_item (id, line_id, prod_id, quantity, ship_date) VALUES (2654, 1, 301, 15, '2021-10-29 00:00:00');
	INSERT INTO sales_order_item (id, line_id, prod_id, quantity, ship_date) VALUES (2654, 2, 302, 3, '2021-10-29 00:00:00');
	INSERT INTO sales_order_item (id, line_id, prod_id, quantity, ship_date) VALUES (2654, 3, 400, 8, '2021-10-29 00:00:00');
	
   

